<?xml version="1.0" encoding="UTF-8"?>
<?oxygen RNGSchema="../../common/schema/DHQauthor-TEI.rng" type="xml"?>
<?oxygen SCHSchema="../../common/schema/dhqTEI-ready.sch"?>
<TEI xmlns="http://www.tei-c.org/ns/1.0" xmlns:cc="http://web.resource.org/cc/"
    xmlns:rdf="http://www.w3.org/1999/02/22-rdf-syntax-ns#"
    xmlns:dhq="http://www.digitalhumanities.org/ns/dhq">
    <teiHeader>
        <fileDesc>
            <titleStmt>
                <title type="article" xml:lang="es">La conquista de Jerusalén ¿de Cervantes?
                    Análisis estilométrico sobre autoría en el teatro del Siglo de Oro
                    español<!-- article title in non-English language--></title>
                <title type="article" xml:lang="en">The Conquest of Jerusalem: by Cervantes?
                    Styometric analysis on authorship in the Golden Age Spanish theater</title>
                <dhq:authorInfo xml:id="jose_calvotello">
                    <!-- Include a separate <dhq:authorInfo> element for each author.
                         The value of xml:id should be first_last without diacritics, all lower case.
                    -->
                    <dhq:author_name>José <dhq:family>Calvo Tello</dhq:family></dhq:author_name>
                    <dhq:affiliation>Universidad de Würzburg</dhq:affiliation>
                    <email>jose.calvo@uni-wuerzburg.de</email>
                    <dhq:bio>
                        <p>José Calvo Tello estudió Filología Hispánica y posteriormente aprendió
                            lenguajes de programación y de marcado. Ha trabajado tanto en proyectos
                            lingüísticos como de edición digital de textos y corpus literarios
                            (Clásicos Hispánicos, Textbox). En la actualidad analiza los subgéneros
                            de la novela de la Edad de Plata en el marco de su tesis doctoral en la
                            Universidad de Würzburg. Para ello aplica metodologías cuantitativas
                            como aprendizaje automático y estilometría a los rasgos léxicos de las
                            novelas, evaluando los resultados con metadatos.</p>
                    </dhq:bio>
                </dhq:authorInfo>
                <dhq:authorInfo xml:id="juan_cerezosoler">
                    <!-- Include a separate <dhq:authorInfo> element for each author.
                         The value of xml:id should be first_last without diacritics, all lower case.
                    -->
                    <dhq:author_name>Juan <dhq:family>Cerezo Soler</dhq:family></dhq:author_name>
                    <dhq:affiliation>Universidad Autónoma de Madrid</dhq:affiliation>
                    <email>juan.cerezosoler@gmail.com</email>
                    <dhq:bio>
                        <p>Juan Cerezo Soler es licenciado en Filología Hispánica por la Universidad
                            Autónoma de Madrid, donde realiza actualmente sus estudios de doctorado
                            sobre los relatos de cautiverio en el Mediterráneo del Siglo de Oro. Es
                            socio fundador de <title rend="italic">Philobiblión: Asociación de
                                Jóvenes Hispanistas</title>, agrupación fundada en 2013. Ha
                            coordinado el volumen IV de la Biblioteca de Autógrafos Españoles,
                            dedicado a los manuscritos de autores del siglo XIX (Madrid: Calambur,
                            2014) y ha participado en el proyecto de catalogación de la poesía
                            manuscrita en la BNE. Ha publicado, asimismo, numerosos trabajos en
                            revistas especializadas: sus principales líneas de trabajo son la
                            investigación de autorías en obras anónimas, el estudio de la literatura
                            conventual femenina y, principalmente, las implicaciones literarias del
                            enfrentamiento entre cristianismo e islam durante la temprana Edad
                            Moderna.</p>
                    </dhq:bio>
                </dhq:authorInfo>
                <dhq:translatorInfo xml:id="jose_calvotello">
                    <!-- Include a separate <dhq:translatorInfo> element for each translator 
                         The value of xml:id should be first_last without diacritics, all lower case.
                    -->
                    <dhq:translator_name>Jose <dhq:family>Calvo
                        Tello</dhq:family></dhq:translator_name>
                    <dhq:affiliation>Universidad de Würzburg</dhq:affiliation>
                    <email>jose.calvo@uni-wuerzburg.de</email>
                    <dhq:bio>
                        <p>Digital Scholarship Coordinator, Humanities and History Division,
                            Columbia University Libraries; Affiliate Faculty, English and
                            Comparative Literature Department, Columbia University</p>
                    </dhq:bio>
                </dhq:translatorInfo>
            </titleStmt>
            <publicationStmt>
                <!-- This information will be completed at publication -->
                <publisher>Alliance of Digital Humanities Organizations</publisher>
                <publisher>Association for Computers and the Humanities</publisher>
                <idno type="DHQarticle-id"
                    >000346<!-- including leading zeroes: e.g. 000110 --></idno>
                <idno type="volume">012<!-- volume number, with leading zeroes: e.g. 006 --></idno>
                <idno type="issue">1<!-- issue number, without leading zeroes: e.g. 2 --></idno>
                <date when="2018-04-04">04 April 2018<!-- date: e.g. 22 July 2010 --></date>
                <dhq:articleType>article</dhq:articleType>
                <availability>
                    <cc:License rdf:about="https://creativecommons.org/licenses/by-nd/2.5/"/>
                </availability>
            </publicationStmt>

            <sourceDesc>
                <p>This is the source</p>
            </sourceDesc>
        </fileDesc>
        <encodingDesc>
            <classDecl>
                <taxonomy xml:id="dhq_keywords">
                    <bibl>DHQ classification scheme; full list available at <ref
                            target="http://www.digitalhumanities.org/dhq/taxonomy.xml"
                            >http://www.digitalhumanities.org/dhq/taxonomy.xml</ref></bibl>
                </taxonomy>
                <taxonomy xml:id="authorial_keywords">
                    <bibl>Keywords supplied by author; no controlled vocabulary</bibl>
                </taxonomy>
            </classDecl>
        </encodingDesc>
        <profileDesc>

            <langUsage>
                <language ident="en" extent="translation_stub"/>
                <language ident="es" extent="original"/>
            </langUsage>
            <textClass>
                <keywords scheme="#dhq_keywords">
                    <list>
                        <!-- fill in a separate <item> for each keyword or keyword phrase -->
                        <item/>
                    </list>
                </keywords>
                <keywords scheme="#authorial_keywords">
                    <list>
                        <!-- fill in a separate <item> for each keyword or keyword phrase -->
                        <item>estilometría</item>
                        <item>atribución de autoría</item>
                        <item>Cervantes</item>
                        <item>Siglo de Oro</item>
                        <item>teatro</item>
                    </list>
                </keywords>
            </textClass>
        </profileDesc>
        <revisionDesc>
            <change when="2017-12-01" who="DD">Created file</change>
        </revisionDesc>
    </teiHeader>

    <text>
        <group>

            <!-- Original language -->

            <text xml:lang="es" type="original" resp="#jose_calvotello">
                <!-- @resp for the original article is a pointer to xml:id of <dhq:authorInfo>, e.g. "#john_doe" -->
                <front>
                    <dhq:abstract>
                        <p>En este artículo aplicamos métodos estilométricos para abordar el
                            problema de autoría de la comedia <title rend="italic">La conquista de
                                Jerusalén</title>, atribuida desde su descubrimiento a Miguel de
                            Cervantes. Para ello hemos realizado numerosos análisis con diferentes
                            rangos de palabras, en un total de diecisiete textos teatrales escritos,
                            todos ellos, por los siete autores que conforman la generación teatral
                            de 1580 y cuya actividad dramática coincide en el tiempo con la
                            composición de <title rend="italic">La conquista</title>. Hemos
                            utilizado la unidad de distancia textual Delta para agrupar
                                (<term>cluster</term>) los textos.</p>
                    </dhq:abstract>
                    <dhq:teaser>
                        <p>En este artículo aplicamos métodos estilométricos para abordar el
                            problema de autoría de la comedia <title rend="italic">La conquista de
                                Jerusalén</title>.</p>
                    </dhq:teaser>
                </front>
                <body>
                    <div>
                        <head>1. Introducción</head>
                        <p>La estilometría<note> Queremos agradecer a Maciej Eder sus comentarios y
                                opiniones sobre varios detalles de este estudio. También queremos
                                agradecer a Christof Schöch sus comentarios y su ayuda en la
                                construcción del corpus.</note> es una de las metodologías de
                            análisis cuantitativo textual más frecuentemente utilizada en las
                            Humanidades Digitales. Su principal utilización ha sido la atribución de
                            autoría (tanto para textos literarios como para no literarios), para lo
                            que se ha demostrado notablemente sólida. Como ejemplos de ello se
                            pueden citar los trabajos realizados para corpus literarios en inglés
                                <ptr target="#burrows2002"/>, alemán <ptr target="#jannidis2014"/>,
                            francés <ptr target="#schoch2014"/>, latín, húngaro, polaco <ptr
                                target="#rybicki2011"/> u holandés <ptr target="#vandalenoskam2007"
                            />.</p>
                        <p>Para textos en español, se han aplicado métodos estilométricos<note>
                                También se ha utilizado la palabra <term>estilometría</term> en la
                                tradición española para realizar estudios sobre la frecuencia de
                                    <term>hapax</term>, n-gramas o fragmentos concretos y
                                compararlos con corpus lingüísticos equilibrados, como en Madrigal
                                    <ptr target="#madrigal2008"/>
                                <ptr target="#madrigal2009"/>. Sin embargo, los estudios de Madrigal
                                se diferencian notablemente de lo que hoy en día se considera
                                estilometría, tanto por los tipos de unidades analizadas, su
                                cantidad y su elección como por el corpus de comparación y su
                                evaluación.</note> sobre la homogeneidad textual de <title
                                rend="italic">La Celestina</title> <ptr target="#bernaldo2011"/> o
                            sobre la autoría cervantina de <title rend="italic">La tía
                                fingida</title>
                            <ptr target="#lopez2011"/>. Sin embargo en nuestra percepción la
                            estilometría se ha aplicado con menor frecuencia para textos literarios
                            en español que para otras lenguas europeas. Esto se observa tanto en la
                            pequeña cantidad de trabajos estilométricos que abordan un problema
                            autorial, así como en aquellos trabajos que comprueban la validez de
                            métodos y parámetros con corpus de diferentes lenguas (por ejemplo: <ptr
                                target="#eder2012"/>, <ptr target="#eder2013a"/>, o <ptr
                                target="#jannidis2015"/>. Una de las posibles razones de su menor
                            implantación en el ámbito hispánico es la falta de repertorios generales
                            de ediciones escolares en formato electrónico en XML-TEI; la mayoría de
                            proyectos prefieren publicar sus ediciones en HTML o PDF. A pesar de
                            esto, recientemente se han presentado en el contexto internacional
                            diferentes trabajos de estilometría con textos en español (<ptr
                                target="#calvotello2015"/>; <ptr target="#rißlerpipka2016"/>; <ptr
                                target="#wrisley2016"/><note> Para ver una conferencia del mismo
                                autor centrado en los <title rend="italic">Bocados de Oro</title>:
                                    <ref target="http://djwrisley.com/?p=207"
                                    >http://djwrisley.com/?p=207</ref></note>). Con este trabajo
                            esperamos contribuir a la difusión y a la implantación de este método de
                            Humanidades Digitales también en el ámbito hispánico. Su punto de inicio
                            fue la publicación por parte de la colección <title rend="italic"
                                >Clásicos Hispánicos</title>, dirigida por Pablo Jauralde Pou, de
                                <title rend="italic">La conquista de Jerusalén</title>, atribuida a
                            Miguel de Cervantes, cuya edición ha sido preparada por Rodríguez
                            López-Vázquez. Esta fue publicada en formato ePUB derivado de un archivo
                            XML-TEI.</p>
                        <p>En la siguiente sección de este artículo comentaremos la discusión
                            filológica sobre la autoría del texto hasta el día de hoy.
                            Posteriormente pasaremos a detallar los diferentes aspectos
                            metodológicos de este estudio: tanto la composición del corpus así como
                            el método y parámetros utilizados (y la dificultad de su asignación para
                            el español). A continuación comentaremos los resultados y la manera de
                            validación utilizada. Finalmente llegaremos a ciertas conclusiones
                            relacionadas tanto con el texto como con los métodos estilométricos
                            utilizados en español.</p>
                    </div>
                    <div>
                        <head>2. Discusión sobre la autoría de <title rend="italic">La conquista de
                                Jerusalén</title></head>
                        <p>La inclusión de <title rend="italic">La conquista de Jerusalén</title> en
                            el conjunto de las obras de Cervantes nace en el mismo momento de su
                            descubrimiento en 1992 a cargo del investigador italiano, ya fallecido,
                            Stefano Arata. Proponía en su primera publicación <ptr
                                target="#arata1992"/> a Miguel de Cervantes como posible autor,
                            considerando que <title rend="italic">La conquista de Jerusalén</title>
                            debía completar el corpus teatral cervantino hallado hasta la
                                fecha<note> Además de las <title rend="italic">Ocho comedias y ocho
                                    entremeses nunca representados</title>, que vieron publicación
                                en vida del autor, el corpus de obras dramáticas de Cervantes se
                                amplía a <title rend="italic">El cerco de Numancia</title> y a
                                    <title rend="italic">Los tratos de Argel,</title> obras
                                conocidas desde el siglo XVIII, conservadas en copia manuscrita y
                                compuestas originalmente en torno a la década de 1580. Hay, además,
                                un buen número de obras de las que solo conocemos el título gracias
                                a las menciones que Miguel de Cervantes hizo en la <title
                                    rend="italic">Adjunta</title> al <title rend="italic">Viaje de
                                    Parnaso </title>y que permanecen, todavía, perdidas.</note>.
                            Para respaldar su propuesta, el hispanista desplegó una primera batería
                            de argumentos que afectaban a varios aspectos del texto: en el ámbito
                            formal señaló numerosas semejanzas métricas, así como varias similitudes
                            en la forma de configuración del reparto y en el tipo de acotaciones
                            utilizadas; en cuanto al contenido, apuntó el comportamiento
                            profundamente cervantino de las figuras alegórico-morales <ptr
                                target="#arata1992"/>. Todo lo publicado por Arata ha servido de
                            base para otros estudios que, en su mayoría, han venido a adherirse por
                            distintas vías a la hipótesis cervantina.</p>
                        <p>Especialmente convincentes en este sentido resultan los trabajos de
                            Héctor Brioso, estudios que llegan a su culmen con una edición de la
                            comedia en 2009. En ella, amén de un detalladísimo estado de la cuestión
                            crítica sobre la obra, se proponen nuevos datos que vinculan el nombre
                            del complutense con la pieza custodiada en la Real Biblioteca. También
                            el profesor José Montero Reguera ha defendido en varios lugares la
                            primera hipótesis lanzada por el hispanista italiano y ha reforzado los
                            argumentos existentes incidiendo particularmente en la proximidad de
                            varios versos de la obra anónima con otros de Cervantes <ptr
                                target="#montero1995"/>. Se les añade, en los últimos años, la
                            aportación de Aaron M. Kahn, que defiende la autoría cervantina a través
                            de la lectura ideológica de <title rend="italic">La conquista de
                                Jerusalén, </title>con clave en el enfrentamiento entre la corona
                            española y el islam, centrándose sobre todo en las figuras alegóricas
                            que pueblan tanto la obra anónima hallada en Palacio como las
                            cervantinas <ptr target="#kahn2010"/>. Moisés R. Castillo conecta
                            hábilmente un gran número de <q>aspectos temáticos, dramáticos, e
                                ideológicos</q> de <title rend="italic">La conquista </title>con
                            varias comedias cervantinas, concretamente con las agrupadas bajo el
                            marbete genérico de <cit>
                                <quote rend="inline">comedias de cautivos</quote>
                                <ptr target="#castillo2012"/>
                            </cit>.</p>
                        <p>En cuanto a las similitudes halladas en el plano lingüístico entre la
                            comedia de Palacio y la literatura de Cervantes, se ha intentado
                            rastrear, a través del CORDE, la frecuencia con que determinados usos de
                                <title rend="italic">La conquista de Jerusalén </title>aparecen en
                            otros autores de la generación teatral de 1580 <ptr
                                target="#rodriguez2011"/>. Los resultados, aunque no sean
                            concluyentes, señalan a Cervantes como el autor más probable, con 31
                            coincidencias, frente a las 10 de Virués y las 8 de Juan de la Cueva y
                            de Lobo Lasso. También se han visto fuertes convergencias en el manejo
                            de determinadas expresiones literarias, tanto que se podría hablar sin
                            problema de reescrituras y transliteraciones, pues Cervantes –como el
                            resto de autores– aprovechaba, revisaba y reciclaba constantemente
                            varios de sus pasajes y versos. Esta proximidad del material literario
                            resulta esclarecedora al cotejar <title rend="italic">La conquista de
                                Jerusalén</title> con <title rend="italic">La Numancia</title>
                            <ptr target="#barasescola2010" loc="80"/>.</p>
                        <p>Las últimas aportaciones críticas favorables a la atribución cervantina
                            inciden en varios aspectos de la construcción dramática, tales como la
                            configuración de un personaje colectivo en <title rend="italic">La
                                conquista de Jerusalén</title> y cuya composición se conecta
                            fácilmente con el quehacer teatral de Cervantes previo a Lope de Vega
                                <ptr target="#cerezosoler2014"/>. Por su parte, Fausta Antonucci
                            aborda la atribución fijando el ojo crítico en el análisis comparado de
                            la estructura dramática de <title rend="italic">La conquista</title>, en
                            lógica relación con <title rend="italic">La Numancia</title>
                            <ptr target="#antonucci2014"/> y <title rend="italic">El trato de
                                Argel</title>
                            <ptr target="#antonucci2015"/>. Todo ello aparece cumplidamente recogido
                            en la última edición de la obra a cargo de Alfredo Rodríguez
                            López-Vázquez (2014) en la ya mencionada colección Clásicos Hispánicos.
                            En ella se ofrecen nuevos análisis lingüísticos como refuerzo a la
                            hipótesis cervantina y, al tiempo, se sugieren algunas enmiendas al
                            texto fijado por Brioso Santos en 2009 <ptr target="#briososantos2009"
                            />.</p>
                        <p>Con todo, a pesar de la abundante cantidad y calidad de las aportaciones
                            críticas sobre <title rend="italic">La conquista de Jerusalén</title>,
                            la propuesta de autoría no ha rebasado nunca el terreno de la hipótesis
                            ni se han comparado elementos de manera coherente entre <title
                                rend="italic">La conquista </title>y el resto de obras de todos los
                            autores posibles. Más de dos décadas de estudios sobre la comedia han
                            conseguido que la atribución a Miguel de Cervantes sea aceptada por la
                            mayor parte de la comunidad investigadora, más por la elocuencia y
                            solidez parcial de los argumentos presentados que por un estudio
                            realizado con una metodología homogénea, que reconozca la autoría de
                            otros textos y que esté contrastado con el trabajo de otros
                            investigadores en otras tradiciones y lenguas. Aunque nuestro análisis
                            no sea una prueba definitiva de que Miguel de Cervantes sea el autor de
                                <title rend="italic">La conquista de Jerusalén</title>, nuestra
                            metodología es sólida y reproducible por otros investigadores.</p>
                    </div>
                    <div>
                        <head>3. Preparación del corpus y metodología</head>
                        <p>En esta sección especificaremos algunos aspectos de la preparación
                            electrónica de los textos, así como la selección de los parámetros que
                            hemos utilizado para el trabajo.</p>
                        <div>
                            <head>3.1. Diseño y preparación del corpus de textos</head>
                            <p>Aunque pueda resultar obvio, consideramos útil recordar que para
                                aplicar una metodología cuantitativa textual es necesario disponer
                                de los textos.<note> Esto puede tenderse a olvidar si se trabaja con
                                    textos en inglés o alemán, donde proyectos como <title
                                        rend="italic">TextGrid</title> u <title rend="italic">Oxford
                                        Text Archive</title> ponen a disposición de cualquier
                                    usuario miles de textos en varios formatos, entre ellos XML-TEI.
                                    La situación es radicalmente opuesta para el español, donde el
                                    XML-TEI ha sido menos utilizado y, de los principales proyectos
                                    que lo han utilizado, ninguno ha puesto a disposición de la
                                    comunidad investigadora el código originario (como es el caso
                                    del proyecto TESO, Cervantes Virtual o Biblioteca Digital
                                    Artelope).</note> De los diecisiete textos que forman el corpus
                                de este trabajo, solo conseguimos localizar un texto en XML-TEI
                                publicado en Internet, por lo que la creación del corpus ha
                                representado una gran cantidad de tiempo y esfuerzo.</p>
                            <p>Somos conscientes de que los métodos estilométricos no solo dan
                                información sobre el autor; aunque este sea la llamada <emph>señal
                                    más fuerte</emph> (<emph>strongest signal</emph>), hay otros
                                aspectos que se representan en los resultados como el sexo del autor
                                    <ptr target="#argamon2003"/>
                                <ptr target="#argamon2009"/>, el género literario <ptr
                                    target="#kestemont2012"/>, la época <ptr target="#jockers2013"/>
                                o los temas tratados <ptr target="#seroussi2014"/>. Hemos intentado
                                anular estas señales textuales realizando un cuidado diseño del
                                corpus, tanto en la elección de los textos como en el tratamiento
                                estructural y ortográfico de los textos. Todos los textos utilizados
                                son obras de teatro, en verso y todos los candidatos son hombres.
                                Además, para la selección de los textos hemos seguido los siguientes
                                criterios:</p>
                            <list type="unordered">
                                <item><emph>Tres textos por autor</emph>: cada autor señalado como
                                    posible autor de la obra analizada esté representado por tres
                                        textos<note> Esto no ha sido posible en algunos casos debido
                                        a que algunos de estos autores escribieron solo una o dos
                                        obras teatrales. El trabajo se preguntó también cómo
                                        proceder con aquellos autores como Cervantes, Francisco de
                                        la Cueva o Juan de la Cueva que escribirieron más obras
                                        teatrales. Se decidió en este caso también utilizar
                                        solamente tres textos de estos autores por varias razones:
                                        en primer lugar porque eso hubiese multiplicado el trabajo
                                        de preparación del corpus; en segundo lugar porque al
                                        representar a algunos autores con una cantidad mucho mayor
                                        de textos que los otros autores desequilibraría el corpus y
                                        por lo tanto podría afectar a los resultados estilométricos.
                                        Es un aspecto que nos gusaría estudiar en mayor detalle en
                                        el futuro.</note></item>
                                <item><emph>Subgénero</emph>: al ser <title rend="italic">La
                                        conquista de Jerusalén</title> una comedia, hemos dado
                                    preferencia a aquellas obras que pertenezcan a este mismo
                                    subgénero</item>
                                <item><emph>Datación</emph>: hemos dado prioridad a aquellas obras
                                    que se presupone que fueron escritas en la misma época que la
                                    obra analizada, es decir, alrededor de 1580</item>
                                <item><emph>Digitalización</emph>: comprensiblemente hemos utilizado
                                    aquellos textos que encontramos digitalizados a aquellos que
                                        no<note> Hemos preferido, en este orden: XML-TEI, XHTML
                                        (ePUB), HTML, PDF, imagen.</note></item>
                            </list>
                            <p>Tras conseguir el texto en algún formato digital, convertimos cada
                                uno de ellos en XML-TEI siguiendo diferentes estrategias para cada
                                    formato.<note> Para las fuentes en HTML hemos transformado el
                                    texto de una manera similar a la que el grupo <title
                                        rend="italic">Computergestützte literarische
                                        Gattungsstilistik</title> trabaja <ptr
                                        target="#schochetal2014"/>.</note> Con estos criterios, los
                                textos que forman nuestro corpus son:</p>
                            <figure>
                                <head>Tabla resumen del corpus</head>
                                <graphic url="resources/images/figure01.png"/>
                            </figure>
                            <p>Aquellos textos que provienen de un proceso de OCR (ya sea del
                                escaneado nuestro, como lo fueron cuatro de los textos, o de Google
                                Books) han sido especialmente corregidos de erratas, errores de
                                lectura y otras inconsistencias del proceso. Cada versión
                                electrónica se cotejó con su misma edición impresa. Una vez tuvimos
                                los textos en XML-TEI, se sometió todo el corpus a un proceso de
                                unificación ortográfica con el objetivo de lograr homogeneidad
                                    léxica.<note> Las ediciones del Cervantes Virtual ya habían sido
                                    modernizadas de esta manera.</note> La razón para hacer esto era
                                anular la diferencia de edición de los textos: los textos
                                modernizados podrían tender a agruparse juntos frente a los
                                modernizados al reconocerse el agrupamiento automático como
                                diferencias léxicas aquello que en realidad son meras diferencias de
                                modernización. Esto podría llevar a malintepretaciones sobre los
                                datos sobre autoría. Dado que todos los textos manejados fueron
                                extraídos de fuentes diversas con diferentes procedimientos de
                                modernización, al unificar el corpus conseguíamos que esa diferencia
                                no se reproduzca en los resultados. Esta unificación se ha llevado a
                                cabo conforme a los siguientes criterios:</p>
                            <list type="unordered">
                                <item>Se han actualizado todos los grupos consonánticos cultos,
                                    tales como –ct– (<emph>auctor</emph>), –sc–
                                        (<emph>esclarescer</emph>), –pr– (<emph>propia</emph>), –ch–
                                        (<emph>christianos</emph>), –ph– (<emph>esphera</emph>),
                                    –pt– (<emph>captivo</emph>).</item>
                                <item>Se ha corregido según norma actual el uso vacilante de –b– y
                                    –v–. De la misma forma, se ha actualizado el uso indiscriminado
                                    tanto de –u– con valor consonántico (<emph>tuuieren</emph>),
                                    como de –v– con valor vocálico (<emph>avto</emph>).</item>
                                <item>Simplificación de reduplicaciones gráficas que no respondan a
                                    necesidades ortográficas actuales, tales como –ss–
                                        (<emph>tuviesse</emph>), –cc– (<emph>succeso</emph>) y –rr–
                                        (<emph>honrra</emph>).</item>
                                <item>Sustitución de la grafía –ç– por –c– o –z– según norma
                                    ortográfica actual (<emph>coraçón</emph>).</item>
                                <item>Se ha sustituido –q– por –c– según precisa la norma
                                    ortográfica actual (<emph>quanto</emph>).</item>
                                <item>Se ha sustituido –x– por –j– según precisa la norma
                                    ortográfica actual (<emph>lexos</emph>).</item>
                                <item>Actualización gráfica de nombres propios (<emph>Ynés</emph>,
                                        <emph>Portogal</emph>, <emph>Galiçia</emph>, etc.).</item>
                                <item>Se han corregido todas las interjecciones exclamativas
                                        (<emph>O - Oh; Ai - Ay</emph>).</item>
                                <item>Se han respetado las formas contraídas <emph>dello</emph>,
                                        <emph>desto</emph> y <emph>aquesto</emph> con el fin de no
                                    afectar al comportamiento métrico de la obra.</item>
                                <item>Asimismo se ha respetado la forma antigua infinitivo+pronombre
                                        (<emph>decilla</emph>, <emph>matallo</emph>).</item>
                            </list>
                            <p>De este corpus en XML-TEI se derivó un corpus análogo en formato
                                texto plano codificado en UTF-8 que contiene exclusivamente los
                                parlamentos pronunciados por los personajes. Es decir, se eliminaron
                                automáticamente los metadatos y el <emph>teiHeader</emph> por
                                completo; paratextos (<emph>front,</emph> listados de personajes,
                                    <emph>back</emph> y acotaciones); nombres de personajes (en
                                elemento <emph>speaker</emph>) y encabezamientos (en elemento
                                    <emph>head</emph>); etiquetas, comentarios, atributos y valores
                                (como la numeración de los versos) XML. El texto más breve, <title
                                    rend="italic">El saco de Roma</title>, de Juan de la Cueva,
                                contiene más de 7000 palabras, por lo que todas las obras se
                                encuentran por encima del mínimo de 5000 palabras señaladas como
                                necesarias por Eder <ptr target="#eder2012"/> para estudios
                                estilométricos de autoría.</p>
                        </div>
                        <div>
                            <head>3.2. Discusión sobre el método y los parámetros</head>
                            <p>En cuanto a los parámetros concretos, creemos útil señalar que hemos
                                intentado sostener cada uno de los parámetros en estudios empíricos
                                anteriores, aspecto que no siempre ha sido posible. Hemos utilizado
                                la versión clásica de Delta (Burrows 2002; Argamon 2008) para poder
                                comparar mejor nuestros resultados con otros trabajos
                                anteriores.</p>
                            <p>Rybicki y Eder investigan de manera meticulosa en diferentes lenguas
                                europeas el rango de palabras que optimiza los resultados para
                                autoría literaria <ptr target="#rybicki2011"/>. Aunque sus
                                conclusiones no deben tomarse como definitivas para toda la
                                literatura de esas lenguas<note> Muestran diferencias importantes
                                    entre géneros y es de esperar que las novelas del siglo XXI no
                                    se comporten exactamente de la misma manera que las novelas de
                                    siglos anteriores.</note>, representan un punto de partida
                                excelente. Lamentablemente no utilizaron corpus en español.<note> No
                                    es demasiado sorprendente si se tiene en cuenta lo complicado
                                    que sigue resultando acceder a corpus literarios óptimos para
                                    atribución de autoría. Un intento reciente en esta dirección es
                                    el corpus publicado por Calvo Tello y Henny en 2015: <ref
                                        target="https://github.com/cligs/textbox/tree/master/es"
                                        >https://github.com/cligs/textbox/tree/master/es</ref>.</note>
                                Veamos cuáles son sus resultados resumidos en la siguiente tabla. En
                                ella el eje horizontal señala la cantidad de palabras tenidas en
                                cuenta para el análisis; el eje vertical señala el punto de partida
                                siguiendo el orden de palabras más frecuentes. En la tabla aparecen
                                aquellas lenguas (señaladas por sus dos primeras letras en inglés)
                                que los autores señalan como segmentos con un reconocimiento de
                                autoría óptima. Hemos colocado colores a cada lengua para que el sea
                                más sencillo reconocerlas<note> En caso de que haya varios corpus de
                                    una lengua (inglés y latín), el de prosa no está marcado y el de
                                    poesía está marcado con un guión y la letra <term>p</term>.
                                    Estamos abiertos a sugerencias sobre la manera de visualizar
                                    estos datos sin perder información.</note>:</p>
                            <figure>
                                <head>Corpus que obtuvieron mejores resultados en Rybicki y Eder
                                        <ptr target="#rybicki2011"/></head>
                                <graphic url="resources/images/figure02.png"/>
                            </figure>
                            <p>Hay que tener en cuenta que esta tabla es una simplificación a partir
                                del trabajo de Rybicki y Eder <ptr target="#rybicki2011"/> ya que en
                                ella aparecen agrupados bloques de un mínimo de 250 palabras,
                                mientras que en el trabajo original se puede apreciar las
                                diferencias palabra por palabra. Podemos observar que mientras que
                                hay áreas donde solo una lengua tiene resultados óptimos (como el
                                inglés y el francés en los extremos horizontales), hay otras donde
                                numerosas y diferentes lenguas europeas muestran resultados óptimos.
                                La siguiente tabla ilustra la cantidad de lenguas que muestran
                                resultados óptimos por cada rango de palabras y nos servirá para
                                comparar nuestros resultados<note> Además del dato numérico,
                                    colocamos colores para que sea más fácilmente reconocible al ojo
                                    humano</note>:</p>
                            <figure>
                                <head>Cantidad de corpus con sus mejores resultados en Rybicki y
                                    Eder <ptr target="#rybicki2011"/></head>
                                <graphic url="resources/images/figure03.png"/>
                            </figure>
                            <p>Para el análisis de los datos electrónicos hasta ahora explicados,
                                hemos utilizado agrupación mediante aprendizaje automático no
                                supervisado (o <emph>clustering</emph>) a través de medidas de
                                distancia textuales y su visualización mediante dendrogramas. El
                                software utilizado ha sido el paquete de R diseñado por Eder,
                                Kestemont y Rybicki llamado <title rend="italic">stylo</title>
                                <ptr target="#eder2016"/>.<note> Hemos utilizado la versión 0.6.2.4.
                                    Queremos agradecer a los diseñadores de este software su
                                    trabajo, documentación, matenimiento y docencia. <title
                                        rend="italic">Stylo</title> permite que filólogos y
                                    humanistas en general puedan utilizar complejos procedimientos
                                    estadísticos para responder a preguntas básicas sobre los
                                    textos, sin tener que afrontar el desarrollo de cientos de
                                    líneas de código de tratamiento estadístico de textos. Nos
                                    gustaría reconocer y valorar su enorme aportación a las
                                    Humanidades Digitales, así como recomendar su uso a otros
                                    investigadores.</note></p>
                        </div>
                    </div>
                    <div>
                        <head>4. Resultados y comparación de resultados</head>
                        <p>Al no poder saber cuál es el rango de palabras óptimo para el español,
                            hemos decidido probar todos los posibles (en total 77) con una
                            granularidad mínima de 250 (ampliando a 500 una vez pasadas las primeras
                            1000 palabras más frecuentes) con un rango entre 0 y 4500 en cuanto a la
                            cantidad de palabras, y entre 0 y 2000 en cuanto al punto de partida en
                            la lista de palabras más frecuentes. Por cada uno de estos rangos hemos
                            realizado un dendrograma. Por ejemplo, la siguiente imagen muestra el
                            dendrograma resultante de utilizar las 750 palabras más frecuentes sin
                            eliminar ninguna de las más frecuentes (rango en el que la figura 3
                            muestra resultados óptimos en cuatro corpus):</p>
                        <figure>
                            <head>dendrograma realizado de las 750 MFW</head>
                            <graphic url="resources/images/figure04.png"/>
                        </figure>
                        <p>Como podemos observar, el texto de <title rend="italic">La conquista de
                                Jerusalén</title> aparece agrupado con el resto de textos de
                            Cervantes. El resto de textos aparecen organizados por autoría con una
                            excepción, <title rend="italic">Príncipe</title> de Juan de la Cueva. Es
                            decir, el método ha cometido un error al intentar reconocer la autoría
                            de uno de los textos por lo que puede estar cometiendo un error similar
                            con la <title rend="italic">Jerusalén</title>. Veamos ahora otro ejemplo
                            de dendograma utilizando otro rango para el que tres de los corpus de la
                            figura 3 mostraban resultados óptimos; en concreto las 2000 palabras más
                            frecuentes habiendo eliminado las primeras 250 palabras más
                                frecuentes<note> Es decir, que de la lista original de palabras más
                                frecuentes se utilizan aquellas que estarían entre la posición 251 y
                                2250.</note>:</p>
                        <figure>
                            <head>dendograma de las 2000 MFW, habiendo eliminado las 250
                                primeras</head>
                            <graphic url="resources/images/figure05.png"/>
                        </figure>
                        <p>En este caso no solo la <title rend="italic">Jerusalén</title> vuelve a
                            estar agrupada con los textos de Cervantes, sino que se presenta en
                            relación muy cercana a los <title rend="italic">Tratos de Argel</title>,
                            seguramente, por la coincidencia de contenido. Pero lo más importante:
                            el resto de textos aparecen organizados correctamente según sus
                            correspondientes autores.</p>
                        <p>Vemos en estos dendogramas lo que Rybicki y Eder <ptr
                                target="#rybicki2011"/> ya habían constatado: la diferencia de
                            rangos de palabras modifica los resultados. Una de las soluciones
                            propuestas para este problema es utilizar <term>bootstrap consensus
                                tree</term>
                            <ptr target="#eder2013b"/> que aúna en un análisis los resultados de
                            numerosos agrupamientos. En la siguiente imagen se observan los
                            resultados de los nueve dendogramas creados desde las 500 palabras más
                            frecuentes hasta las 4500 aumentando cada vez en 500 palabras:</p>
                        <figure>
                            <head><term>consensus tree</term> desde las 500 MFW hasta 4500</head>
                            <graphic url="resources/images/figure06.png"/>
                        </figure>
                        <p>En la figura 6 volvemos a observar que el texto de <title rend="italic"
                                >La conquista de Jerusalén</title> aparece agrupada con el resto de
                            textos de Cervantes.<note> Como explicación de esta visualización,
                                observamos tres ramas principales: Una en la esquina superior
                                izquierda que engloba los textos de Lasso y Juan de la Cueva; una
                                superior derecha donde aparecen los textos de Bermúdez; una tercera
                                inferior que engloba al resto de autores: en ella Cervantes forma su
                                propia subrama; Virués Artieda y Argensola aparecen en la otra
                                subrama.</note> Este mismo análisis se realizó con la variante de
                            Eder de Delta y los resultados son idénticos. La figura 6 proporciona
                            claves para entender la relación de <title rend="italic">La
                                conquista</title> con el resto de obras escritas por el complutense:
                            los resultados nos muestran que la obra cuestionada establece conexiones
                            más o menos cercanas con las otras obras cervantinas, conforme a la
                            siguiente formulación: (((<title rend="italic">La
                                Jerusalén</title>+<title rend="italic">Los tratos de
                                Argel</title>)+<title rend="italic">El gallardo
                                español</title>)+<title rend="italic">La Numancia</title>). Las dos
                            primeras podrían, perfectamente, guardar relación tanto cronológica
                            (fueron compuestas en fechas muy cercanas) como temática (ambas
                            desarrollan su argumento en un contexto de enfrentamiento religioso
                            contra el islam). Por su lado, <title rend="italic">El gallardo
                                español</title> compartiría con ellas ese motivo temático de
                            enfrentamiento bélico de tipo religioso, si bien su composición se llevó
                            a cabo en fechas más tardías. Quedaría, en fin, la <title rend="italic"
                                >Numancia</title> en un lugar algo más apartado del resto, pues pese
                            a que su composición tuvo que ser temprana (es una obra cercana a la
                            década de 1580), el contenido alberga pocas relaciones temáticas con el
                            resto, con lo que queda en nuestra clasificación estilométrica más
                            desplazada del resto.</p>
                        <p>Sin embargo ese <term>consensus tree</term> muestra solo los resultados
                            partiendo del primer puesto en la lista de palabras más frecuentes. El
                            problema es que si observamos la figura 2, el corpus del italiano
                            muestra los mejores resultados al eliminar entre las 1000 y 1500
                            palabras más frecuentes. Es fácil aceptar la intuición de que un corpus
                            español debe comportarse de una manera similar a como lo hace un corpus
                            en italiano. Por lo que nuestro <term>consensus tree</term> no estaría
                            recogiendo los rangos donde mejor se analiza la autoría.</p>
                        <p>Por esto nos hemos hecho dos preguntas<note> Los diferentes métodos de
                                aprendizaje automático utilizan técnicas de evaluación que suelen
                                requerir la división de los datos en varios sets: de aprendizaje, de
                                prueba y de implementación. Nuestro corpus no contiene la suficiente
                                cantidad de texto como para permitir que el sistema aprenda de
                                varios textos los rasgos de un autor, probarlo con otro y finalmente
                                aplicarlo. Ni siquiera si tuviésemos todos los textos escritos por
                                estos autores podríamos utilizar una metodología así ya que algunos
                                de los autores escribieron, únicamente, un par obras
                                teatrales.</note>:</p>
                        <list type="ordered">
                            <item>¿Cuántos de los rangos organizan <title rend="italic">La conquista
                                    de Jerusalén</title> con los textos cervantinos?</item>
                            <item>Ignorando el texto de <title rend="italic">La conquista de
                                    Jerusalén</title>, ¿cuántos autores son correctamente
                                reconocidos en cada rango?</item>
                        </list>
                        <p>Comparando ambas respuestas, podremos llegar a un nivel alto de seguridad
                            sobre si el método está organizando correctamente los textos por
                            autoría, y por lo tanto podemos pensar que lo hace correctamente con
                                <title rend="italic">La conquista de Jerusalén</title>. Para
                            responder a ambas preguntas realizamos los dendogramas y sintentizamos
                            los resultados en las figuras 7 y 8. En la figura 7 se observa en
                            cuántos de los dendogramas aparecen los textos de Cervantes organizados.
                            Los valores siguen los siguientes criterios:</p>
                        <list type="unordered">
                            <item>3: los textos de Cervantes y el discutido aparecen en una rama
                                juntos y aislados</item>
                            <item>2: los textos de Cervantes y el discutido aparecen en una rama
                                juntos pero otro texto de otro autor aparece en la rama</item>
                            <item>1: algunos textos de Cervantes y el discutido aparecen en una rama
                                (aislados de otros autores o no)</item>
                            <item>0: el texto discutido aparece relacionado con un autor diferente a
                                Cervantes</item>
                        </list>
                        <figure>
                            <head>rangos y resultados de asignación a Cervantes de <title
                                    rend="italic">La conquista de Jerusalén</title></head>
                            <graphic url="resources/images/figure07.png"/>
                        </figure>
                        <p>Como se puede observar, de manera sistemática los tres textos de
                            Cervantes y <title rend="italic">La conquista de Jerusalén</title>
                            aparecen agrupados en una rama aislada, aunque no siempre ocurre esto.
                            También es llamativo el hecho de que en un único caso (250 palabras,
                            habiendo eliminado las primeras 250 palabras más frecuentes)<note> Es
                                decir, que utiliza las palabras que estarían en los rangos desde el
                                251 hasta el 500 en la lista de palabras más frecuentes.</note> el
                            texto de <title rend="italic">La conquista de Jerusalén</title> aparezca
                            relacionado con otro autor. El caso concreto es el siguiente:</p>
                        <figure>
                            <head>Único análisis que asignó <title rend="italic">La conquista
                                </title>a otro autor</head>
                            <graphic url="resources/images/figure08.png"/>
                        </figure>
                        <p>Como se puede observar, en este caso <title rend="italic">La conquista de
                                Jerusalén</title> aparece en una rama en la que se encuentran textos
                            de varios autores (Virués y Argensola). Es decir, el único dendograma
                            que no muestra a Cervantes como autor de la <title rend="italic">La
                                conquista de Jerusalén</title> no señala de manera clara otro
                            autor.</p>
                        <p>Para completar la respuesta, queríamos observar cuántos de los autores
                            aparecen correctamente reconocidos en cada rango (ignorando el caso de
                                <title rend="italic">La conquista de Jerusalén)</title>. El
                            resultado es el siguiente:</p>
                        <figure>
                            <head>cantidad de autores reconocidos por cada rango</head>
                            <graphic url="resources/images/figure09.png"/>
                        </figure>
                        <p>Como se puede observar, hay una gran cantidad de rangos (en total 29) que
                            organizan correctamente a los seis autores que están representados en el
                            corpus con varios textos. Estos mismos rangos asignan en la figura 8 el
                            texto de <title rend="italic">La conquista de Jerusalén</title> a
                            Cervantes. Es interesante observar que los rangos de la figura 8 que no
                            asignan <title rend="italic">La conquista de Jerusalén</title> a
                            Cervantes son aquellos que en la figura 9 tienen resultados más
                            deficientes, consiguiendo entre 1 y 4 autores correctamente
                            reconocidos.</p>
                        <p>Si se compara la figura 9 con la figura 3<note> Sabemos que nuestro
                                corpus es mucho menor y que es teatro en verso. Pero teniendo en
                                cuenta la total falta de este tipo de trabajos para el español,
                                consideramos que otros investigadores pueden utilizar algunos de los
                                rangos que aparecen como óptimos en la anterior tabla.</note>, se
                            observa ciertas similitudes:</p>
                        <list type="unordered">
                            <item>Se observan resultados pobres al eliminar las 2000 palabras más
                                frecuentes.</item>
                            <item>Los rangos hasta 250 y 500 palabras (eliminando o no algunas de
                                las palabras más frecuentes) no parecen suficientes para analizar
                                autoría.</item>
                            <item>Se observan rangos óptimos utilizando las palabras más frecuentes
                                sin eliminar ninguna.</item>
                            <item>También aparecen rangos óptimos entre 1500 y 4000 palabras,
                                eliminando hasta 500 palabras más frecuentes.</item>
                        </list>
                    </div>
                    <div>
                        <head>5. Conclusión y futuro trabajo</head>
                        <p>La utilización de métodos de agrupamiento de aprendizaje automático con
                            rangos de palabras más frecuentes, método comprobado para textos
                            literarios en numerosas lenguas europeas y que reconoce correctamente la
                            autoría del resto de textos de nuestro corpus, agrupa <title
                                rend="italic">La conquista de Jerusalén</title> de manera
                            sistemáticamente con otros textos de Cervantes. Ninguno de los textos
                            escritos por Lasso, Virués, Bermúdez, Argensola o Juan de la Cueva
                            analizados en este estudio aparecen como textos similares a <title
                                rend="italic">La conquista</title>. Estos resultados consolidan la
                            teoría de la autoría cervantina de <title rend="italic">La conquista de
                                Jerusalén</title>.</p>
                        <p>Además observamos en los diferentes análisis relaciones de cercanía tanto
                            cronológicas como temáticas entre diferentes obras de un mismo autor,
                            así como similitudes entre diferentes autores que pueden ser
                            interpretadas a la luz de datos filológicos y de la historia de la
                            literatura, relaciones que necesitan de más investigación. </p>
                        <p>Los rangos desde 1000 hasta 4000 palabras más frecuentes utilizando la
                            lista desde su comienzo se muestran en este estudio como los rangos más
                            estables para estudiar autoría estilométricamente. Comparando estos
                            rangos con los resultados en otras lenguas europeas, los rangos entre
                            1000 y 3000 palabras más frecuentes parecen los más seguros. Estos
                            resultados también confirman la intuición de que las palabras más
                            frecuentes son las más útiles para reconocimiento de autoría. Sin
                            embargo estos rangos no son los únicos que aparecen con buenos
                            resultados en nuestros corpus, por lo que es necesaria más
                            investigación.</p>
                        <p>La dificultosa tarea de codificar este corpus en XML-TEI nos anima a
                            continuar trabajando en estudios estilométricos sobre autoría y
                            confiamos publicar en breve nuevos resultados. Como continuación de este
                            estudio nos gustaría explorar este mismo caso con un corpus más amplio,
                            procedimientos desarrollados en recientes publicaciones y otros sistemas
                            de evaluación. También nos gustaría continuar analizando
                            estilométricamente otros aspectos relacionados con la obra cervantina y
                            el teatro del Siglo de Oro, por lo que nos gustaría invitar a todos los
                            investigadores que encuentren esta aportación interesante a colaborar
                            con nosotros y ampliar, así, el campo de la discusión sobre autorías en
                            textos escritos en lengua española.</p>
                    </div>
                </body>
            </text>

            <!-- Translated language -->

            <text xml:lang="en" type="translation_stub" resp="#jose_calvotello">
                <!-- Use "translation_stub" if only the abstract and possibly a short summary is translated. Use "translation" if the entire article has been translated. -->
                <!-- @resp for the translation is a pointer to xml:id of <dhq:translatorInfo> -->
                <front>
                    <dhq:abstract>
                        <p>In this article we apply stylometric methods to approach the authorship
                            problem of the comedy <title rend="italic">La conquista de
                                Jerusalén</title>, attributed since its discovery to Miguel de
                            Cervantes. For this purpose we have performed numerous analyses with
                            different range of most frequent words in a total of seventeen theater
                            plays, all of them written by the seven authors that define the
                                <emph>generación teatral de 1580</emph> and who wrote plays actively
                            when <title rend="italic">La conquista</title> was composed. We have
                            used the distant measure Delta to cluster the text.</p>
                    </dhq:abstract>
                    <dhq:teaser>
                        <p>Stylometric methods, authorship attribution, and La conquista de
                            Jerusalén</p>
                    </dhq:teaser>
                </front>
                <body>
                    <!-- This boilerplate paragraph describes DHQ's translation practices. If there is no full translation, this paragraph should be left in place. If the article is fully translated, this paragraph can be deleted (it is essentially a stand-in in cases where no full translation is provided). -->
                    <p>For articles in languages other than English, DHQ provides an
                        English-language abstract to support searching and discovery, and to enable
                        those not fluent in the article's original language to get a basic
                        understanding of its contents. In many cases, machine translation may be
                        helpful for those seeking more detailed access. While DHQ does not typically
                        have the resources to translate articles in full, we welcome contributions
                        of effort from readers. If you are interested in translating any article
                        into another language, please contact us at editors@digitalhumanities.org
                        and we will be happy to work with you.</p>
                </body>
            </text>
        </group>

        <back>
            <listBibl>
                <bibl xml:id="antonucci2015" label="Antonucci 2015"> Antonucci, Fausta. <title
                        rend="quotes">La estructura dramática del teatro cervantino de la primera
                            <soCalled>época</soCalled>: una propuesta de análisis</title>. <title
                        rend="italic">Cuadernos AISPI</title> 5 (2015): 131-46.</bibl>
                <bibl xml:id="antonucci2014" label="Antonucci 2014"> Antonucci, Fausta. <title
                        rend="quotes">La estructura dramática de <title rend="italic">La conquista
                            de Jerusalén</title> por Godofre de Bullón: un análisis comparado con
                            <title rend="italic">La Numancia</title></title>. En <title
                        rend="italic">Desde Artife. Estudios dedicados a Aldo Ruffinatto en el IV
                        Centenario de las Novelas Ejemplares</title>, 97-108. Alessandria: Edizioni
                    dell'Orso, 2014.</bibl>
                <bibl xml:id="arata1992" label="Arata 1992"> Arata, Stefano. <title rend="quotes">La
                        conquista de Jerusalén, Cervantes y la generación teatral de 1580</title>.
                        <title rend="italic">Criticón</title> 54 (1992): 9-112.</bibl>
                <bibl xml:id="arata1989" label="Arata 1989"> Arata, Stefano. <title rend="italic"
                        >Los manuscritos teatrales (siglos XVI y XVII) de la Biblioteca de
                        Palacio</title>. Pisa: Giardino, 1989.</bibl>
                <bibl xml:id="arata1991" label="Arata 1991">Arata, Stefano. <title rend="quotes"
                        >Loyola y Cepeda: Dos dramaturgos del Siglo de Oro en la Biblioteca de
                        Palacio</title>. <title rend="italic">Manuscrt.Cao</title> IV (1991):
                    3-15.</bibl>
                <bibl xml:id="arata1997" label="Arata 1997"> Arata, Stefano. <title rend="quotes"
                        >Notas sobre La conquista de Jerusalén y la transmisión manuscrita del
                        primer teatro cervantino</title>. <title rend="italic">Edad de Oro</title>
                    16 (1997): 53-66.</bibl>
                <bibl xml:id="arata1996" label="Arata 1996"> Arata, Stefano. <title rend="quotes"
                        >Teatro y coleccionismo teatral a finales del siglo XVI (el conde de
                        Gondomar y Lope de Vega)</title>. <title rend="italic">Anuario de Lope de
                        Vega</title> 2 (1996): 7-24.</bibl>
                <bibl xml:id="argamon2003" label="Argamon et al. 2003"> Argamon, Shlomo, Moshe
                    Koppel, Jonathan Fine, y Shimoni Anat Rachel. <title rend="quotes">Gender,
                        Genre, and Writing Style in Formal Written Texts</title>, En <title
                        rend="italic">Text and Talk</title>, no. 23 (2003): 321-346.</bibl>
                <bibl xml:id="argamon2008" label="Argamon 2008"> Argamon, Shlomo. <title
                        rend="quotes">Interpreting Burrows’s Delta: Geometric and Probabilistic
                        Foundations</title>. En <title rend="italic">Literary and Linguistic
                        Computing</title> 23 (2) (2008): 131-47.</bibl>
                <bibl xml:id="argamon2009" label="Argamon et al. 2009"> Argamon, Shlomo,
                    Jean-Baptiste Goulain, Russell Horton, y Mark Olsen. <title rend="quotes">Vive
                        La Différence! Text Mining Gender Difference in French Literature</title>.
                    En <title rend="italic">Digital Humanities Quarterly</title> 3 (2) (2009). <ref
                        target="http://www.digitalhumanities.org/dhq/vol/3/2/000042.html"
                        >http://www.digitalhumanities.org/dhq/vol/3/2/000042.html</ref>.</bibl>
                <bibl xml:id="barasescola2010" label="Baras Escolá 2010"> Baras Escolá, Alfredo.
                        <title rend="quotes">Los textos de Cervantes. Teatro</title>. <title
                        rend="italic">Anales Cervantinos</title> 42 (2010): 73-88.</bibl>
                <bibl xml:id="bernaldo2011" label="Bernaldo de Quirós Mateo 2011"> Bernaldo de
                    Quirós Mateo, José Antonio. <title rend="quotes">La Celestina: Adiciónes
                        primeras amplificadas con adiciónes secundas. Consequencias para la
                        atributión de la autoría</title>. <title rend="italic">Etiópicas</title>,
                    no. 7 (2011): 87-104.</bibl>
                <bibl xml:id="briososanchez2007" label="Brioso Sánchez y Brioso Santos 2007"> Brioso
                    Sánchez, Máximo, y Brioso Santos, Héctor. <title rend="quotes">De Heliodoro a
                        Tasso y a ¿Cervantes?</title>
                    <title rend="italic">Philología Hispalensis</title> 21 (2007): 155-72.</bibl>
                <bibl xml:id="briososantos2010" label="Brioso Santos 2010"> Brioso Santos, Héctor.
                        <title rend="quotes">Análisis métrico de La conquista de Jerusalén por
                        Godofre de Bullón de... ¿Miguel de Cervantes?</title>
                    <title rend="italic">Cuatrocientos años del Arte Nuevo de hacer comedias de Lope
                        de Vega [Actas]</title> 2 (2010): 287-94.</bibl>
                <bibl xml:id="briososantos2009" label="Brioso Santos 2009"> Brioso Santos, Héctor.
                        <title rend="quotes">A propósito de la historicidad de La conquista de
                        Jerusalén: los cuatro milagros de la primera cruzada</title>. <title
                        rend="italic">Anuario de Estudios Cervantinos</title> 5 (2009):
                    101-24.</bibl>
                <bibl xml:id="burguillo2013" label="Burguillo 2013"> Burguillo, Francisco Javier.
                        <title rend="quotes">Guerra y milicia en los albores del “Arte nuevo”: la
                        “Comedia del saco de Roma” (1579) de Juan de la Cueva</title>. En <title
                        rend="italic">Del pensamiento al texto. Textualización del saber en el
                        Renacimiento español</title>, 23-60. Madrid: Academia del Hispanismo,
                    2013.</bibl>
                <bibl xml:id="burrows2002" label="Burrows 2002"> Burrows, John. <title rend="quotes"
                        >‘Delta’: A Measure of Stylistic Difference and a Guide to Likely
                        Authorship</title>. En <title rend="italic">Literary and Linguistic
                        Computing</title> 17 (3) (2002): 267-87.</bibl>
                <bibl xml:id="calvotello2015" label="Calvo Tello et al. 2015"> Calvo Tello, José,
                    Christof Schöch, Nanete Rißler-Pipka, y Tobias Kraft. 2015. <title rend="quotes"
                        >Humanidades Digitales y estudios hispánicos en Alemania</title>. <title
                        rend="italic">Voy y Letra</title> 26 (1) (2015): 45-61.</bibl>
                <bibl xml:id="camamis1977" label="Camamis 1977"> Camamis, George. <title
                        rend="italic">Estudios sobre el cautiverio en el Siglo de Oro</title>.
                    Madrid: Editorial Gredos, 1977.</bibl>
                <bibl xml:id="canavaggio2005" label="Canavaggio 2005"> Canavaggio, Jean. <title
                        rend="italic">Cervantes</title>. Espasa. Madrid, 2005.</bibl>
                <bibl xml:id="canavaggio2000" label="Canavaggio 2000"> Canavaggio, Jean. <title
                        rend="quotes">De un Lope a otro Lope: Cervantes ante el teatro de su
                        tiempo</title>. <title rend="italic">Anuario de Lope de Vega</title> 6
                    (2000): 51-60.</bibl>
                <bibl xml:id="castillo2012" label="Castillo 2012"> Castillo, Moisés R. <title
                        rend="quotes">Espacios de ambigüedad en el teatro cervantino: La conquista
                        de Jerusalén y los dramas de cautiverio</title>. <title rend="italic"
                        >Cervantes: Bulletin of the Cervantes Society of America</title> 32, 2
                    (2012): 123-42.</bibl>
                <bibl xml:id="cerezosoler2014" label="Cerezo Soler 2014"> Cerezo Soler, Juan. <title
                        rend="quotes">“La Conquista de Jerusalén” en su contexto: sobre el personaje
                        colectivo y una vuelta más a la atribución</title>. <title rend="italic"
                        >Dicenda: cuadernos de filología hispánica</title> 32 (2014): 33-49.</bibl>
                <bibl xml:id="cerezosoler2013" label="Cerezo Soler 2013"> Cerezo Soler, Juan. <title
                        rend="quotes">“La Conquista de Jerusalén” y la literatura de Cervantes.
                        Nuevas semejanzas que respaldan su autoría</title>. En <title rend="italic"
                        >Festina lente. Actas del II congreso internacional Jóvenes Investigadores
                        del Siglo de Oro (JISO 2012)</title>, editado por Carlos Mata Induráin,
                    Adrián J. Sáez, y Ana Zúñiga Lacruz. Pamplona: Servicio de Publicaciones de la
                    Universidad de Navarra, 2013. <ref
                        target="http://dadun.unav.edu/handle/10171/29457"
                        >http://dadun.unav.edu/handle/10171/29457</ref>.</bibl>
                <bibl xml:id="eder2012" label="Eder 2012"> Eder, Maciej. <title rend="quotes">Mind
                        Your Corpus: Systematic Errors in Authorship Attribution</title>. En <title
                        rend="italic">Digital Humanities 2012: Conference Abstracts</title>,
                    Hamburg, Hamburg Univ. Press (2012): 181-85.</bibl>
                <bibl xml:id="eder2013a" label="Eder 2013a"> Eder, Maciej. <title rend="quotes">Does
                        Size Matter? Authorship Attribution, Small Samples, Big Problem</title>. En
                        <title rend="italic">Digital Scholarship in the Humanities</title> 30 (2)
                    (2013): 167-182.</bibl>
                <bibl xml:id="eder2013b" label="Eder 2013b"> Eder, Maciej. <title rend="quotes"
                        >Bootstrapping Delta: a safety-net in open-set authorship
                        attribution</title>. En <title rend="italic">Digital Humanities 2013:
                        Conference Abstracts</title>, Lincoln: University of Nebraska-Lincoln
                    (2013): 169-172.</bibl>
                <bibl xml:id="eder2016" label="Eder et al. 2016"> Eder, Maciej, Kestemont, Mike, y
                    Rybicki, Jan. <title rend="italic">Stylometry with R: A package for
                        computational text analysis</title>. En <title rend="italic">R
                        Journal</title>, 16 (1), 2016.<ref
                        target="https://journal.r-project.org/archive/accepted/"
                        >https://journal.r-project.org/archive/accepted/</ref>.</bibl>
                <bibl xml:id="eisenberg2003" label="Eisenberg 2003"> Eisenberg, Daniel. <title
                        rend="quotes">¿Qué escribió Cervantes?</title> En <title rend="italic">Sobre
                        Cervantes</title>, editado por Martínez Torrón, Diego, 9-26. Alcalá de
                    Henares: Centro de Estudios Cervantinos, 2003.</bibl>
                <bibl xml:id="garciabermejoginer2013" label="García-Bermejo Giner 2013">
                    García-Bermejo Giner, Miguel. <title rend="quotes">Estando letras y armas en su
                        punto: el teatro y los aledaños del poder en España a fines del siglo
                        XVI</title>. En <title rend="italic">Del pensamiento al texto.
                        Textualización del saber en el Renacimiento español</title>, 85-122. Madrid:
                    Academia del Hispanismo, 2013.</bibl>
                <bibl xml:id="jannidis2015" label="Jannidis et al. 2015"> Jannidis, Fotis, Steffen
                    Pielström, Christof Schöch, y Thorsten Vitt. <title rend="quotes">Improving
                        Burrows’ Delta – An Empirical Evaluation of Text Distance Measures.</title>
                    En <title rend="italic">Digital Humanities 2015 Conference Abstracts</title>.
                    ADHO: Sydney 2015. <ref
                        target="http://dh2015.org/abstracts/xml/JANNIDIS_Fotis_Improving_Burrows__Delta___An_empi/JANNIDIS_Fotis_Improving_Burrows__Delta___An_empirical_.html"
                        >http://dh2015.org/abstracts/xml/JANNIDIS_Fotis_Improving_Burrows__Delta___An_empi/JANNIDIS_Fotis_Improving_Burrows__Delta___An_empirical_.html</ref>.</bibl>
                <bibl xml:id="jannidis2014" label="Jannidis y Lauer 2014"> Jannidis, Fotis, y
                    Gerhard Lauer. <title rend="quotes">Burrows’s Delta and Its Use in German
                        Literary History</title>. En <title rend="italic">Distant Readings.
                        Topologies of German Culture in the Long Nineteenth Century</title>,
                    Rochester: Camden House (2014): 29-54.</bibl>
                <bibl xml:id="jockers2013" label="Jockers 2013"> Jockers, Matthew L. <title
                        rend="italic">Macroanalysis - Digital Methods and Literary History</title>.
                    Champaign, IL: University of Illinois Press (2013).</bibl>
                <bibl xml:id="kahn2010" label="Kahn 2010"> Kahn, Aaron M. <title rend="quotes"
                        >Towards a theory of attribution: Is La conquista de Jerusalén by Miguel de
                        Cervantes?</title>
                    <title rend="italic">Journal of European Studies</title> 40 (2) (2010):
                    99-128.</bibl>
                <bibl xml:id="kestemont2012" label="Kestemont et al. 2012"> Kestemont, Mike, Kim
                    Luyckx, Walter Daelemans, y Thomas Crombez. <title rend="quotes">Cross-Genre
                        Authorship Verification Using Unmasking.</title> En <title rend="italic"
                        >English Studies</title> 93 (3) (2012): 340-56.</bibl>
                <bibl xml:id="lopez2011" label="López 2011"> López, Freddy. <title rend="quotes"
                        >Donde se muestran algunos resultados de atribución de autor en torno a la
                        obra cervantina (Wherein are Shown some Results of Autorship Attribution to
                        Cervantes’ Work).</title> En <title rend="italic">Revista Colombiana de
                        Estadística</title> 34 (1) (2011): 15-37.</bibl>
                <bibl xml:id="madrigal2008" label="Madrigal 2008"> Madrigal, José Luis. <title
                        rend="quotes">Notas sobre la autoría del Lazarillo</title>. En <title
                        rend="italic">Revista de Literatura Española Medieval y del Renacimiento
                        (LEMIR)</title>, 12 (2008): 137-236.</bibl>
                <bibl xml:id="madrigal2009" label="Madrigal 2009"> Madrigal, José Luis. <title
                        rend="quotes">Tirso, Lope y el Quijote de Avellaneda</title>. <title
                        rend="italic">Revista de Literatura Española Medieval y del Renacimiento
                        (LEMIR), </title> 13 (2009): 191-250.</bibl>
                <bibl xml:id="montero1994" label="Montero Reguera 1994-1995"> Montero Reguera, José.
                        <title rend="quotes">Reseña a Stefano Arata, “La conquista de Jerusalén
                        [...]”</title>. <title rend="italic">Manuscrt.Cao</title> VI (1994-1995):
                    83-87.</bibl>
                <bibl xml:id="montero1995" label="Montero Reguera 1995-1997"> Montero Reguera, José.
                        <title rend="quotes">¿Una nueva obra teatral cervantina? Notas en torno a
                        una reciente atribución</title>. <title rend="italic">Anales
                        Cervantinos</title> 33 (1995-1997): 355-66.</bibl>
                <bibl xml:id="rybicki2011" label="Rybicki y Eder 2011"> Rybicki, Jan, y Maciej Eder.
                        <title rend="quotes">Deeper Delta across Genres and Languages: Do We Really
                        Need the Most Frequent Words?</title> En <title rend="italic">Literary and
                        Linguistic Computing</title> 26 (3) (2011): 315-21.</bibl>
                <bibl xml:id="reyhazas1999" label="Rey Hazas 1999"> Rey Hazas, Antonio. <title
                        rend="quotes">Cervantes se reescribe: Teatro y Novelas Ejemplares</title>.
                        <title rend="italic">Criticón</title> 76 (1999): 119-64.</bibl>
                <bibl xml:id="reyhazas1992" label="Rey Hazas 1992"> Rey Hazas, Antonio. <title
                        rend="quotes">Cervantes y Lope ante el personaje colectivo: La Numancia
                        frente a Fuenteovejuna</title>. <title rend="italic">Cervantes y el teatro.
                        Cuadernos de Teatro Clásico</title> 7 (1992): 69-91.</bibl>
                <bibl xml:id="reyhazas1994" label="Rey Hazas 1994"> Rey Hazas, Antonio. <title
                        rend="quotes">Las comedias de cautivos de Cervantes</title>. <title
                        rend="italic">Los imperios orientales en el teatro del Siglo de Oro [Actas
                        de las XVI Jornadas de Teatro Cásico]</title>, 1994, 29-56.</bibl>
                <bibl xml:id="reyhazas2005" label="Rey Hazas 2005"> Rey Hazas, Antonio. <title
                        rend="italic">Poética de la libertad y otras claves cervantinas</title>.
                    Madrid: Eneida, 2005.</bibl>
                <bibl xml:id="rißlerpipka2016" label="Rißler-Pipka 2016"> Rißler-Pipka, Nanette.
                        <title rend="quotes">Avellaneda y los problemas de la identificación del
                        autor. Propuestas para una investigación con nuevas herramientas
                        digitales</title>. En Ehrlicher, Hanno. El otro Quijote. La continuación de
                    Avellaneda y sus efectos. Mesa Redonda-Universität Augsburg, Augsburg (2016).
                    (Manuscrito)</bibl>
                <bibl xml:id="rodriguez2011" label="Rodríguez López-Vázquez 2011"> Rodríguez
                    López-Vázquez, Alfredo. <title rend="quotes">La Jerusalén de Cervantes: Nuevas
                        pruebas de su autoría</title>. <title rend="italic">Artifara: Revista de
                        Lenguas y Literaturas ibéricas y latinoamericanas</title> 11 (2011).</bibl>
                <bibl xml:id="rojoalique1996" label="Rojo Alique 1996-1998"> Rojo Alique, Pedro C.
                        <title rend="quotes">Notas acerca del Catálogo de manuscritos de la
                        Biblioteca del Palacio Real de Madrid</title>. <title rend="italic"
                        >Manuscrt.Cao</title> VII (1996-1998): 83-131.</bibl>
                <bibl xml:id="seroussi2014" label="Seroussi et al. 2014"> Seroussi, Yanir, Ingrid
                    Zukerman, y Fabian Bohnert. <title rend="quotes">Authorship Attribution with
                        Topic Models</title>. En <title rend="italic">ACL Anthology</title> 40 (1)
                    (2014): 269-310.</bibl>
                <bibl xml:id="schoch2014" label="Schöch 2014"> Schöch, Christof. <title
                        rend="quotes">Corneille, Molière et les autres. Stilometrische Analysen zu
                        Autorschaft und Gattungszugehörigkeit im französischen Theater der
                        Klassik</title>. <title rend="italic">Literaturwissenschaft im digitalen
                        Medienwandel</title>. Beihefte von Philologie im Netz 7, 2014: 130-157. <ref
                        target="http://web.fu-berlin.de/phin/beiheft7/b7t08.pdf"
                        >http://web.fu-berlin.de/phin/beiheft7/b7t08.pdf</ref>.</bibl>
                <bibl xml:id="schochetal2014" label="Schöch et al. 2014"> Schöch, Christof, et al.
                    Toolbox. Universität Würzburg, Würzburg (2014). <ref
                        target="https://github.com/cligs/toolbox/graphs/contributors"
                        >https://github.com/cligs/toolbox/graphs/contributors</ref></bibl>
                <bibl xml:id="vaccari2006" label="Vaccari 2006"> Vaccari, Debora. <title
                        rend="quotes">Aproximación al contenido de una carpeta inédita de la
                        Biblioteca Nacional de Madrid (Ms/14612/9)</title>. En <title rend="italic"
                        >Campus stellae: haciendo camino en la investigación literaria</title>,
                    editado por Fernández López, Dolores, Domínguez Pérez, Mónica, y
                    Rodríguez-Gallego, Fernando, 1:466-74. Santiago de Compostela, 2006.</bibl>
                <bibl xml:id="vandalenoskam2007" label="van Dalen-Oskam y van Zundert 2007"> van
                    Dalen-Oskam, Karina, y Joris van Zundert. <title rend="quotes">Delta for Middle
                        Dutch: Author and Copyist Distinction in “Walewein”</title>. En <title
                        rend="italic">Literary and Linguist Computing</title> 22 (3) (2007):
                    345-62.</bibl>
                <bibl xml:id="wrisley2016" label="Wrisley 2016"> Wrisley, David Joseph. <title
                        rend="quotes">Modeling the Transmission of Al-Mubashshir Ibn Fātik’s Mukhtār
                        Al-Ḥikam in Medieval Europe: Some Initial Data-Driven Explorations</title>.
                    En <title rend="italic">Journal of Religion, Media and Digital Culture</title>
                    Special Issue <title rend="quotes">Digital Humanities in Jewish, Christian and
                        Arabic/Islamic Ancient Traditions</title>. (5) (2016).</bibl>
                <bibl xml:id="zimic1992" label="Zimic 1992">[Zimic 1992] Zimic, Stanislav. <title
                        rend="italic">El teatro de Cervantes</title>. Madrid: Castalia, 1992.</bibl>
            </listBibl>

        </back>
    </text>
</TEI>
