<?xml version="1.0" encoding="UTF-8"?>
<?oxygen RNGSchema="../../common/schema/DHQauthor-TEI.rng" type="xml"?>
<?oxygen SCHSchema="../../common/schema/dhqTEI-ready.sch"?>
<TEI xmlns="http://www.tei-c.org/ns/1.0" xmlns:cc="http://web.resource.org/cc/"
    xmlns:rdf="http://www.w3.org/1999/02/22-rdf-syntax-ns#"
    xmlns:dhq="http://www.digitalhumanities.org/ns/dhq">
    <teiHeader>
        <fileDesc>
            <titleStmt>
                <title type="article" xml:lang="es">Retorno a trazos de mil
                    historias<!-- article title in non-English language--></title>
                <title type="article" xml:lang="en">A Return to the Traces of a Thousand
                    Stories</title>
                <dhq:authorInfo xml:id="suzana_sukovic">
                    <!-- Include a separate <dhq:authorInfo> element for each author.
                         The value of xml:id should be first_last without diacritics, all lower case.
                    -->
                    <dhq:author_name>Suzana <dhq:family>Sukovic</dhq:family></dhq:author_name>
                    <dhq:affiliation>HETI (Health Education and Training Institute)</dhq:affiliation>
                    <email>suzana.sukovic@gmail.com</email>
                    <dhq:bio>
                        <p>Suzana Sukovic es investigadora, principalmente en el sector académico,
                            profesional en informática y avances tecnológicos. Ella ha trabajado
                            también en el rol de la enseñanza académica e investigación. Ella ha
                            completado unos proyectos innovadores incluyendo aplicaciones en la
                            investigación, la enseñanza y el aprendizaje. Sukovic ha
                            publicado artículos sobre temas de tecnología en la investigación
                            escolástica, e innovación y creatividad en las bibliotecas. En su tesis
                            doctoral exploró el uso de material y textos electrónicos en los
                            proyectos de investigación dentro del área de las humanidades. La
                            transferencia de conceptos a otras áreas del pensamiento (Transliteracy
                            en inglés), la enseñanza y la creación de conocimientos son sus
                            intereses profesionales y de investigación actual. Su libro <title
                                rend="italic">Transliteracy in Complex Information
                                Environments</title> (Transferencia de Conocimientos en Entornos
                            Informaciones Complejos) fue publicado por Chandos, (por Elsevier),
                            en el año 2017. Trabaja actualmente como Directora Ejecutiva, en HETI
                            (Instituto de Enzeñanza de Educación y Salud) en la sección de
                            Investigación Educacional y Práctica Basada en Evidencia.</p>
                    </dhq:bio>
                </dhq:authorInfo>
                <dhq:authorInfo xml:id="peter_read">
                    <!-- Include a separate <dhq:authorInfo> element for each author.
                         The value of xml:id should be first_last without diacritics, all lower case.
                    -->
                    <dhq:author_name>Peter <dhq:family>Read</dhq:family></dhq:author_name>
                    <dhq:affiliation>Australian National University</dhq:affiliation>
                    <email>peter.read@anu.edu.au</email>
                    <dhq:bio>
                        <p>Profesor Peter Read es Profesor Ajunto en el Centro Australiano de
                            Estudios de Historia aborigen, Departamento de Historia, en la
                            Australian National University (Universidad Nacional de Australia). El
                            ha pasado la mayor parte de su vida académica en sus investigaciones de
                            la historia de la gente aborigen, especialmente en Las Generaciones
                            Robadas, y más recientemente, en la historia de los aborigines de
                            Sidney. Ha trabajado también en las historia de Cuba actual, y más
                            recientemente, Chile después la dictadura. Ha publicado muchos libros
                            incluyendo <title rend="italic">Sin Descansar en Mi Memoria. La Lucha
                                por la Creación de Sitios de Memoria en Chile desde La Transición a
                                la Democracia</title> (ANUPress 2017) (con Marivic Wyndham), <title
                                rend="italic">Charles Perkins A Biography</title> (Penguin 1998 –
                            Charles Perkins, una Biografía) y <title rend="italic">A Rape of the
                                Soul so Profound. The Return of the Stolen Generations</title>
                            (Allen and Unwin 1992- Una Violación Tan Profunda. El Retorno de las
                            Generaciones Robadas).</p>
                    </dhq:bio>
                </dhq:authorInfo>
                <dhq:translatorInfo xml:id="peter_read">
                    <!-- Include a separate <dhq:translatorInfo> element for each translator 
                         The value of xml:id should be first_last without diacritics, all lower case.
                    -->
                    <dhq:translator_name>Peter
                        <dhq:family>Read</dhq:family></dhq:translator_name>
                    <dhq:affiliation>Australian National University</dhq:affiliation>
                    <email>peter.read@anu.edu.au</email>
                    <dhq:bio>
                        <p>Profesor Peter Read es Profesor Ajunto en el Centro Australiano de
                            Estudios de Historia aborigen, Departamento de Historia, en la
                            Australian National University (Universidad Nacional de Australia). El
                            ha pasado la mayor parte de su vida académica en sus investigaciones de
                            la historia de la gente aborigen, especialmente en Las Generaciones
                            Robadas, y más recientemente, en la historia de los aborigines de
                            Sidney. Ha trabajado también en las historia de Cuba actual, y más
                            recientemente, Chile después la dictadura. Ha publicado muchos libros
                            incluyendo <title rend="italic">Sin Descansar en Mi Memoria. La Lucha
                                por la Creación de Sitios de Memoria en Chile desde La Transición a
                                la Democracia</title> (ANUPress 2017) (con Marivic Wyndham), <title
                                    rend="italic">Charles Perkins A Biography</title> (Penguin 1998 –
                            Charles Perkins, una Biografía) y <title rend="italic">A Rape of the
                                Soul so Profound. The Return of the Stolen Generations</title>
                            (Allen and Unwin 1992- Una Violación Tan Profunda. El Retorno de las
                            Generaciones Robadas).</p>
                    </dhq:bio>
                </dhq:translatorInfo>
            </titleStmt>
            <publicationStmt>
                <!-- This information will be completed at publication -->
                <publisher>Alliance of Digital Humanities Organizations</publisher>
                <publisher>Association for Computers and the Humanities</publisher>
                <idno type="DHQarticle-id"
                    >000355<!-- including leading zeroes: e.g. 000110 --></idno>
                <idno type="volume">012<!-- volume number, with leading zeroes: e.g. 006 --></idno>
                <idno type="issue">1<!-- issue number, without leading zeroes: e.g. 2 --></idno>
                <date when="2018-04-04">04 April 2018<!-- date: e.g. 22 July 2010 --></date>
                <dhq:articleType>article</dhq:articleType>
                <availability>
                    <cc:License rdf:about="https://creativecommons.org/licenses/by-nd/2.5/"/>
                </availability>
            </publicationStmt>

            <sourceDesc>
                <p>This is the source</p>
            </sourceDesc>
        </fileDesc>
        <encodingDesc>
            <classDecl>
                <taxonomy xml:id="dhq_keywords">
                    <bibl>DHQ classification scheme; full list available at <ref
                            target="http://www.digitalhumanities.org/dhq/taxonomy.xml"/></bibl>
                </taxonomy>
                <taxonomy xml:id="authorial_keywords">
                    <bibl>Keywords supplied by author; no controlled vocabulary</bibl>
                </taxonomy>
            </classDecl>
        </encodingDesc>
        <profileDesc>

            <langUsage>
                <language ident="en" extent="translation_stub"/>
                <language ident="es" extent="original"/>
            </langUsage>
            <textClass>
                <keywords scheme="#dhq_keywords">
                    <list>
                        <!-- fill in a separate <item> for each keyword or keyword phrase -->
                        <item/>
                    </list>
                </keywords>
                <keywords scheme="#authorial_keywords">
                    <list>
                        <!-- fill in a separate <item> for each keyword or keyword phrase -->
                        <item>Indigenous history</item>
                        <item>Australia; community</item>
                        <item>web architecture</item>
                    </list>
                </keywords>
            </textClass>
        </profileDesc>
        <revisionDesc>
            <change when="2018-01-30" who="DD">Created file</change>
        </revisionDesc>
    </teiHeader>

    <text>
        <group>

            <!-- Original language -->

            <text xml:lang="es" type="original" resp="#suzana_sukovic #peter_read">
                <!-- @resp for the original article is a pointer to xml:id of <dhq:authorInfo>, e.g. "#john_doe" -->
                <front>
                    <dhq:abstract>
                        <p>El proyecto en línea <ref
                                target="http://historyofaboriginalsydney.edu.au/"
                                >http://historyofaboriginalsydney.edu.au/</ref>, con base ahora en
                            la Western Sydney University, toma las iniciativas educacionales y
                            digitales de hoy con una nueva dirección. Al dividir la ciudad de Sídney
                            en seis regiones geográficas, creamos un sitio basado en el conocimiento
                            de la historia de los aborígenes después de la invasión de los
                            colonizadores ingleses. El sitio incorpora nuevas formas de etiquetado,
                            línea de tiempo y cartografía digital, para mostrar múltiples senderos
                            de la información en formato de texto, video y fotografía. Luego de
                            siete años de investigación, podemos ofrecer en nuestro sitio web un
                            balance entre desenterrar conocimientos perdidos y descubrir nuevas
                            fuentes de información. Hemos incorporado al sitio web múltiples
                            opciones mientras explorábamos el potencial de la cartografía digital y
                            la animación para objetivos educacionales y de investigación. Al
                            consultar cuidadosamente a los grupos profesionales indígenas del ámbito
                            educacional, creemos que hemos construido una historia digital indígena
                            de Sídney y al mismo tiempo se la hemos regresado a los aborígenes
                            quienes se han visto privados de ella desde hace tanto tiempo.<note>Este
                                articulo está basado en artículos previos en inglés; ambos citados
                                en la página web del proyecto (READ, P. &amp; SUKOVIC, S. 2010
                                Piezas de mil historias: repatriación de la Historia de un Sídney
                                Aborigen, Sociedades civiles cosmopolitas, un periódico
                                interdisciplinario, edición digital especial etnografías; 2, 40-54;
                                SUKOVIC,S &amp; READ, P. A historia de un Sídney Aborigen
                                digitalmente entregando el pasado al presente. Información en línea
                                2011: ALIA 15.ª Conferencia &amp; exhibición 1-3 febrero 2011.) El
                                artículo presenta nuestro trabajo a la fecha, a nuestros colegas en
                                países de habla hispana. Desgraciadamente la página no existe ahora
                                en su forma original. Es possible accede al sitio sin algunos de los
                                vínculos (links). La dirección actual es <ref
                                    target="https://web.archive.org/web/20170216000824/http://historyofaboriginalsydney.edu.au"
                                    >https://web.archive.org/web/20170216000824/http://historyofaboriginalsydney.edu.au</ref>
                            </note></p>
                    </dhq:abstract>
                    <dhq:teaser>
                        <p>Un estudio de caso sobre <ref
                                target="http://historyofaboriginalsydney.edu.au/"
                                >http://historyofaboriginalsydney.edu.au/</ref></p>
                    </dhq:teaser>
                </front>
                <body>
                    <p>¿Una historia perdida? Mientras que la gente autóctona de Sídney, Australia,
                        (es decir, los aborígenes) han continuado con sus propias historias, que a
                        menudo son muy fragmentadas, las leyes y decisiones burocráticas o las
                        crueldades pasadas han evitado el acceso a mucha de esta información, que
                        por derecho le corresponde tener a cada persona. Las políticas del gobierno,
                        por casualidad o por intención, terminaron con los conocimientos históricos
                        al separar a los viejos de los jóvenes, familias de sus niños, abuelos y
                        abuelas de los padres de sus nietos y nietas, y a los individuos que tenían
                        el conocimiento histórico de aquellos a los que estarían permitido
                        recibirlo. En general, actuaron para destruir las viviendas en las
                        comunidades aborígenes y la vida privada de estas comunidades. Los niños, es
                        decir, los que son llamados hoy en día como las Generaciones Robadas, fueron
                        sacados de sus viviendas por los oficiales gubernamentales y crecieron sin
                        saber nada. Desde mediados del siglo diecinueve, algunas familias
                        concluyeron que era mejor no identificarse como aborigen en absoluto. De
                        hecho, algunas familias acaban de descubrir su ascendencia indígena en las
                        últimas dos décadas. Debido en parte a que se perdió tanta información,
                        algunos pueden impugnar las historias de otras familias, denegando a sus
                        contrincantes una asociación real al clan, e incluso una identidad
                        autóctona.</p>
                    <p>Una inmensa cantidad de historia burocrática está cerrada dentro de los
                        archivos estatales. Sería de gran importancia para los historiadores y las
                        comunidades tener acceso a ellos, si no previnieran su lectura la acción de
                        leyes arbitrarias. Podemos decir que estos archivos están casi totalmente
                        cerrados. A pesar de las restricciones, historiadores especializados en
                        aborígenes australianos han hecho avances notables. Se pueden leer
                        fragmentos de información generalmente en las introducciones de historias
                        regionales y locales, antes de que el escritor proceda a escribir la
                        historia principal, es decir, el cuento <soCalled>no aborigen</soCalled>.
                        Obras escritas por la gente aborigen de Sídney son escasas, aunque están
                        aumentando. Mientras las historias orales cortas están destinadas a
                            <soCalled>llenar espacio</soCalled>. Las investigaciones hechas por
                        historiadores especializados han descubierto una cantidad de información
                        notable, pero aún quedan temas conocidos por tratar y muchos otros se
                        agotan. Excelentes tesis de doctorado quedan olvidadas, o son inaccesibles
                        para miembros de la comunidad aborigen. Lo que queda son trozos de historia
                        aislados y a menudo rebatidos. Las fronteras de los clanes, tribus e idiomas
                        son tan confusas que hace imposible dibujar un mapa lingüístico regional de
                        la cuidad de Sídney como estaba en el año de su fundación en 1788. </p>
                    <div>
                        <head>Antecedentes: visitantes aborígenes e inmigrantes</head>
                        <p>Desde 1788 las cosas han cambiado bastante. Tan inesperada fue la vista
                            del arribo de la flota inglesa, que una leyenda aborigen cuenta que unos
                            individuos siguieron a pie el viaje de la flota a Botany Bay.
                            Inmediatamente después del anclaje, los visitantes aborígenes saludaron
                            a los ingleses como sus iguales. </p>
                        <p>Dieciocho meses después, una plaga de viruela se había establecido y
                            había matado quizás más del noventa por ciento de la población del
                            puerto. Miembros de las tribus empezaron a ocupar algunos espacios y
                            terrenos, probablemente tierra de los difuntos. Estos espacios estaban
                            ocupados inicialmente por otras personas que poseían derechos de visita.
                            Al norte del puerto, el joven Bungaree habría hecho un viaje de más que
                            doscientos kilómetros para efectivamente colonizar a Kirribilli, hoy en
                            día el sitio de la casa del Gobernador General de Australia. Al mismo
                            tiempo otros visitantes y viajeros autóctonos siguieron visitando sus
                            terrenos tradicionales como La Perouse.</p>
                        <p>Las inmigraciones continuaban, interrumpidas a veces por intentos de
                            disipar a los aborígenes de los aledaños del puerto. Claro que estos
                            intentos fracasaban, porque después de unos meses la gente regresaba a
                            sus sitios. Posteriormente, Sídney fue el foco de muchas manifestaciones
                            radicales y acciones políticas durante las décadas 1920-30.</p>
                        <p>Después de la Segunda Guerra Mundial, miles de aborígenes provenientes de
                            Nuevas Gales del Sur (NSW) empezaron una colonización económica en el
                            barrio de Redfern y sus suburbios. Campamentos tradicionales continuaron
                            siendo destruidos por la alcaldía y los residentes fueron transferidos
                            al oeste de Sídney. En los años setentas, miles de aborígenes fueron
                            forzados a moverse desde del centro de Sídney a los suburbios del oeste
                            persiguiendo la promesa de un empleo o una casa estatal.</p>
                        <p>Las décadas de los ochenta y noventa fueron un tiempo para reconocer las
                            diferencias entre los clanes y los idiomas que en algunos casos
                            permanecieron escondidos por más de un siglo. El Acto <soCalled>De los
                                Derechos a los Terrenos</soCalled> del estado de NSW estableció el
                            derecho de pertenencia de la tierra para algunas personas de ascendencia
                            aborigen. Esta ley a veces creó divisiones irreconciliables entre los
                            que se llamaban <soCalled>dueños tradicionales</soCalled> o
                                <soCalled>guardianes tradicionales</soCalled> y las personas cuyos
                            antepasados habían llegado a la ciudad después del arribo de la
                                <soCalled>Primera Flotilla</soCalled> en 1788. Las lealtades entre
                            familias se fortalecieron aquí y menguaron allá. Quienes se habían
                            descrito como <soCalled>Blackfellers</soCalled> (aborígenes) sin
                            distinción se volvieron mucho más conscientes de su herencia como
                            miembros de sus propios clanes, por ejemplo
                                <soCalled>Gai-Mariagal</soCalled> (Cameraygal), Darug o Gundangara,
                            o de regiones aún más concretas. La población aborigen de Sídney de hoy
                            es enorme, animada, activa y luchadora.</p>
                        <p>Quedan muchos conocimientos históricos para desenterrar y muchos para ser
                            devueltos a las comunidades aborígenes. Pero, ¿cuáles deben estar
                            incluidos en esta mezcla tan debatida? ¿Y cómo? El área urbana de Sídney
                            tiene alrededor de un diez por ciento de toda la gente autóctona de
                            Australia, atraída desde todos los rincones de la nación <ptr
                                target="#abs2007"/>
                            <ptr target="#abs2013"/>. Cualquier proyecto que trate de devolver las
                            historias perdidas de las comunidades aborígenes de Sídney, debe al
                            mismo tiempo explicar, además, cómo las diferentes tribus llegaron a
                            vivir aquí; la diversidad de sus culturas; las rutas seguidas; el cambio
                            de sus actitudes, las legislaciones y las relaciones con la sociedad en
                            general y entre la misma gente. Representar esta complejidad
                            contemporánea histórica es el reto para nuestro equipo de historiadores,
                            investigadores, documentalistas, programadores y educadores trabajando
                            juntos en <title rend="italic">La Historia del Sídney
                            Aborigen</title>.</p>
                    </div>
                    <div>
                        <head>La devolución repatriación digital y el aprendizaje</head>
                        <p>El conocimiento público sobre asuntos aborígenes ha surgido en las
                            últimas décadas, así como el significado de la apreciación y del apoyo a
                            las culturas diferentes, en ambas comunidades indígena y no indígena.
                            Líderes ancianos aborígenes, profesores y trabajadores comunitarios han
                            enfatizado en conjunto sobre la importancia de educar a los jóvenes
                            aborígenes acerca de sus historias y sus tradiciones. Por muchas
                            décadas, informes gubernamentales <ptr target="#gunstone2008"/> han
                            recomendado vigorosamente la enseñanza de estudios de aborígenes
                            australianos a todos los niveles de educación del país. </p>
                        <p>El Departamento de Educación requiere que se enseñe Estudios Aborígenes
                            por un semestre en el noveno año, a la edad de 14 años, encaminando a
                            los estudiantes a algunos temas como <soCalled>Familias</soCalled> y
                                <soCalled>Las Generaciones Robadas</soCalled>. Aunque estos
                            programas se han desarrollado con las mejores intenciones, a menudo no
                            es claro cuáles son los recursos disponibles para los profesores. Muchos
                            de ellos no tienen más que conocimientos generales, entonces los
                            profesores utilizan recursos digitales como el informe gubernamental
                                <soCalled>Bringing Them Home</soCalled>
                            <ptr target="#ahrc1997"/> (sobre las Generaciones Robadas) programas de
                            estudio acerca del proceso de Reconciliación Nacional <ptr
                                target="#car1991"/> o guías genealógicas del Desierto Central de
                            Australia <ptr target="#ara2011"/>
                            <ptr target="#tkrp2010"/>, los cuales pueden facilitar conocimientos
                            sobre las regiones más remotas, pero nada sobre la región en que viven. </p>
                        <p>Los pocos recursos sobre los aborígenes de Sídney, como en el caso de
                            Barani <ptr target="#scc2002"/> y la aplicación <soCalled>Aboriginal
                                Sydney</soCalled> lanzada en el 2013 por el Australian Institute of
                            Aboriginal and Torres Strait Islander Studies, son insuficientes para
                            apoyar la enseñanza formal y concitar el interés de la comunidad sobre
                            el pasado de Sídney. Los estudiantes aborígenes tendrían aún menos
                            historias de los residentes en Sídney en los años recientes si se
                            compara con otras regiones. Faltan conocimientos de sus propios
                            antepasados o conocimiento de eventos ocurridos en sus barrios.
                            Queríamos entonces que nuestro proyecto fuera general para Sídney, pero
                            simultáneamente específico, para seguir a los líderes nacionales como a
                            los jefes locales, entender las políticas gubernamentales y conocer los
                            sitios exactos donde ellos evolucionaron y evaluar las consecuencias de
                            estas políticas. </p>
                    </div>
                    <div>
                        <head>Una plataforma digital</head>
                        <p>Al inicio del proyecto decidimos crear un sitio web disponible al público
                            por ser el método más apropiado para entregar información a los
                            profesores, los estudiantes y las comunidades. Hay computadoras e
                            internet en los hogares, las escuelas y las bibliotecas. A diferencia de
                            la mayoría de las regiones remotas, Sidney tiene algunas conexiones
                            seguras y, según Holloway <ptr target="#holloway2005"/> hay un uso
                            levemente más alto allí que el resto de Australia. Los datos del Censo
                            2006 indicaban que casi el 51 por ciento de los hogares de Sidney, donde
                            viven personas aborígenes, tenían conexión por internet en comparación
                            con el 66 por ciento de otros hogares <ptr target="#abs2006"/>. El
                            acceso a internet ha aumentado a un 23 por ciento en las residencias de
                            los indígenas australianos según los datos del censo del 2011, pero en
                            residencias tanto de indígenas como de no-indígenas, si hay gente joven
                            tienen más probabilidades de estar conectados <ptr target="#abs2012"/>. </p>
                        <p>Sin embargo, algunas desventajas socio-económicas probablemente van a
                            limitar algunos beneficios de los recursos en línea. Muchos estudios han
                            mostrado que el uso del Internet coincide con una situación
                            socio-económica más alta por ejemplo, <ptr target="#porter2006"/>
                            <ptr target="#willis2006"/>
                            <ptr target="#goldfarb2008"/>. Los ingresos pueden ser relativos a las
                            pautas de uso. Los norteamericanos de bajos ingresos pasan muchas horas
                            en entretenimientos en línea, pero tienden a usar menos Internet para el
                            comercio electrónico e investigación <ptr target="#goldfarb2008"/>. En
                            el análisis de los datos del Censo Australiano 2001, Holloway <ptr
                                target="#holloway2005"/> se descubrió que hay una correlación entre
                            el uso más bajo de los computadores e internet en el oeste y suroeste de
                            Sídney que coincide con áreas de ingresos bajos. Similarmente a los
                            usuarios del Internet en otras partes <ptr target="#chinn2007"/>
                            <ptr target="#orviska2009"/> los usuarios de Sidney son
                            predominantemente más jóvenes, no-aborígenes, adultos y de altos
                            ingresos.</p>
                        <p>Dado que las desventajas asociadas a los bajos ingresos de una parte
                            significativa de la población aborigen, y un acceso al Internet más
                            bajo, factores que probablemente limitan el uso de fuentes en línea,
                            podemos anticipar que las generaciones más viejas vayan a ser más
                            afectadas en comparación con la gente más joven, especialmente los
                            estudiantes. Son estos últimos quienes utilizan el Internet regularmente
                            como una parte de sus vidas académica y social. La gente aborigen de
                            Sídney que es más joven, o se ha matriculado en programas educacionales,
                            y posee una posición socio-económica más alta, probablemente va a usar
                            Internet para investigar o usarlo en general, como otros grupos
                            similares. Al igual que ellos, los profesores probablemente van a usar
                            Internet regularmente en sus estudios. A pesar de varios obstáculos en
                            el acceso físico e intelectual, Internet queda a la disposición de la
                            mayoría de la gente de Sidney, y es más apropiado para estudiantes y
                            profesores; es decir, quienes son nuestra audiencia focal. El listado
                            digital otorga unas ventajas únicas, debido a que es la forma más
                            apropiada para nuestros datos, recopilados esencialmente en forma
                            digital. Las imágenes, los videos y las copias de materiales de archivo
                            digital se han recopilado juntos en formato digital. Así que una
                            presentación digital evita los problemas asociados con la pérdida de
                            calidad o con errores en la transferencia de datos. Para los profesores
                            y los estudiantes, los formatos digitales otorgan la flexibilidad
                            deseada para descargar y para el uso de sus propios materiales. Muchas
                            familias mantienen sus colecciones de fotografías y documentos en una
                            forma digital, que pueden ser extendidos a través de copias de los
                            materiales obtenidos desde nuestro sitio web. Algunas familias puedan
                            decidir a contribuir con sus materiales personales al proyecto.</p>
                        <p>Finalmente, todos los datos que son resultado de esta investigación
                            académica son preservados y archivados en el ATSIDA (Aboriginal and
                            Torres Strait Data Archive). Esta colección facilita la preservación a
                            largo plazo de todos los materiales Aborígenes que existen en un formato
                            digital.</p>
                        <p>Nuestro proyecto fue diseñado inicialmente para crecer, para cambiar y
                            para reflexionar sobre las diferentes necesidades y tendencias dentro de
                            las comunidades escolares, estudiantes y aborígenes, sin afectar el
                            objetivo fundamental del proyecto – para recoger, preservar y devolver
                            la historia de la gente aborigen de Sídney. Los protocolos éticos
                            desarrollados por la Universidad de Sydney y la Jumbunna House of
                            Learning (University of Technology Sydney) aseguran que los
                            participantes actuales tienen el derecho de determinar el tipo de acceso
                            a alguna información personal.</p>
                    </div>
                    <div>
                        <head>La Reconstrucción Comienza</head>
                        <p>Para descubrir la historia aborigen en medio de una cuidad animada y
                            moderna, uno necesita concentrarse en rasgos casi invisibles en todas
                            partes. Para buscar los fragmentos dispersados, raspar las superficies
                            con el objeto de descubrir algunos vestigios y los senderos perdidos, y
                            documentar el significado de algunas cosas aparentemente irrelevantes.
                            Esos son nuestros planteamientos al redescubrir el pasado. Nuestro
                            equipo de investigación ha recogido y ordenado miles de pedazos; ahora
                            cada visitante al sitio web debe construir su propio camino. Quisiéramos
                            crear un espacio donde la gente de herencia aborigen pueda considerar su
                            historia y su sentido de origen, e igualmente donde los australianos de
                            herencia no aborigen puedan descubrir una historia sin luchas con países
                            vecinos o coronaciones de soberanos remotos. Un vistazo a nuestra línea
                            de tiempo revelará el movimiento de individuos y familias de partes
                            diferentes de Sídney que forma una narrativa esencial. Es posible verlo,
                            de región en región o década a década. Al mismo tiempo, queríamos
                            mostrar el uso de las hierbas tradicionales, los artefactos y los
                            rituales desarrollados improvisadamente en parques y zonas
                            residenciales. Para hacer eso, debemos sacar los conocimientos
                            autóctonos y tradiciones, igualmente que las tradiciones de
                            investigaciones orientales, archivos y tecnología.</p>
                        <p>La producción es etnográfica en el sentido de que es descriptiva e
                            interpretativa. Estamos conscientes <q>que el etnógrafo asume el papel
                                de intermediario y debe asegurar por todos los medios que todos los
                                grupos aborígenes participen en la mejor manera posible en la
                                planificación e implementación.</q> Hemos consultado muy ampliamente
                            con todos los dueños originales de toda la ciudad de Sídney y el arribo
                            posterior de otras personas. Sin embargo, comprendemos que nuestros
                            esfuerzos para asegurar que la totalidad de las consultas con los
                            aborígenes son semejantes a dichos esfuerzos dados para proveer
                            materiales históricos exhaustivos, confiables y apropiados. Debido a que
                            los aborígenes no constituyen una comunidad unificada, nuestros
                            consejeros representan una gran variedad de voces comunitarias
                            aborígenes, pero no todas ellas. Al fin, siempre prevalecen opiniones
                            que no están representadas. No negamos que nuestra selección de voces,
                            especialmente en los videos, es necesariamente objetiva y guiada por
                            nuestra interpretación. Como explicamos anteriormente, los materiales
                            disponibles en ATSIDA están al acceso público, bajo protocolos
                            apropiados, para alguien que quiera desarrollar su propia
                            interpretación.</p>
                        <p>¿Cómo construiremos este espacio digital? Dado el significado del terreno
                            en la cultura indígena, la pérdida del terruño tiene agudas
                            connotaciones en la vida diaria, elegimos <soCalled>sitio</soCalled> y
                                <soCalled>gente</soCalled> como principios fundamentales para
                            organizar el conocimiento y el sitio web. El sitio web está organizado
                            alrededor de seis localidades principales: costa norte, centro, costa
                            sur, suroeste, oeste y noroeste de Sídney.</p>
                        <p>Las representaciones visuales tienen gran importancia en las tradiciones
                            indígenas y, al mismo tiempo, son esenciales para los medios de
                            comunicación digital. Usamos elementos visuales simples, como un cambio
                            de color, para todo el sitio web, como un elemento de navegación, para
                            que todas las páginas asociadas sean marcadas con el mismo color. El
                            logo del proyecto (Figura 1) es una interpretación moderna de algunos
                            símbolos relativos a sitio y movimiento.</p>
                        <p>Queríamos que nuestro sitio fuera más aceptable y fácil para todos los
                            usuarios, principalmente, para <soCalled>hablar</soCalled> a la gente
                            joven, y además apoyar su exploración de los sentimientos del pasado y
                            para descubrir su sentido de pertenencia e identidad. Jessica Birk, una
                            artista joven aborigen, actuó como nuestra guía para desarrollar un
                            estilo visual que fuera bien recibido por los jóvenes aborígenes de
                            Sidney. Birk diseñó el logo del proyecto y nos aconsejó sobre el diseño
                            del proyecto. La historia inquietante y triste a menudo se expone a
                            través de colores vibrantes destacados contra un telón negro. Lo vemos
                            como un nuevo símbolo de esperanza y energía.</p>
                        <figure>
                            <head>Logo fue diseñado por Jessica Birk</head>
                            <graphic url="resources/images/figure01.png"/>
                        </figure>
                    </div>
                    <div>
                        <head>Descubriendo y contextualizando</head>
                        <p>Estructuramos el material para que ayude a los usuarios a hacer sus
                            propias interpretaciones y descubrimientos. Para usar el sistema de
                            poner una etiqueta al texto y las imágenes, una línea de tiempo
                            interactivo y un mapa, y permitir la búsqueda libremente, además de
                            facilitar diferentes maneras para acceder a la información y para verla
                            en un contexto diferente. </p>
                        <p>Por ejemplo, alguna información sobre Marramarra Creek, en el norte de
                            Sidney, se pueda descubrir y recuperase de muchos modos diferentes
                            dependiendo de los intereses y necesidades del usuario. Se aprecia en
                            una descripción cronológica de los acontecimientos donde el texto de una
                            fuente histórica relata acerca de una fotografía contemporánea del sitio
                            actual (Figuras 2 y 3). Desarrollamos un método que consiste en poner
                            una etiqueta al texto que posibilite al usuario recuperar todos los
                            pasajes del texto sobre un tema particular. La etiqueta <soCalled>Tag
                                Sites: Historic</soCalled> [Sitios: Históricos], por ejemplo
                            recuperará cada mención al Marramarra Creek en el texto. Desarrollamos
                            las etiquetas para reflexionar sobre los temas del plan de estudios y
                            para dar ánimo a las investigaciones de los estudiantes; pero al mismo
                            tiempo, las desarrollamos como descripciones apropiadas. </p>
                        <figure>
                            <head>Página describiendo acontecimientos en Marramarra Creek.
                                Traducción de Texto<note>El gobierno de NSW creó un Comité de
                                    Investigación para averiguar las condiciones de los aborígenes.
                                    El Reverendo William West Thompson, el cura anglicano al Lower
                                    Hawkesbury (Wiseman’s Ferry) manda la siguiente nota: En
                                    Marramarra Creek yo he descrito a una familia de mestizos, los
                                    hijos de John Lewis o Ferdinand, un blanco que trabaja de
                                    empleado para quemar cal. La madre es Biddy, la hermana del
                                    aborigen Bowen de Pitt Water, y quien es la hija de una mujer
                                    aborigen y un marinero inglés. Hay siete hijos de esta unión
                                    (desde dos a diecinueve años de edad) viviendo en el hogar de su
                                    padre de la misma manera como de los colonos de la región de
                                    ensenada. Los dos chicos están empleados en el barco con su
                                    padre, cuatro de los menores están todavía en casa, y la
                                    muchacha mayor está viviendo con un hombre que se apoda Rose, un
                                    pescador de Marramarrra Creek. (NSW Comité de Investigación,
                                    1846, citado por Richmond 2003, p. 5). El cuerpo legislativo del
                                    Comité de Investigación de NSW toma como evidencia al Reverendo
                                    John McKenny: ‘El número (de gente aborigen) ha disminuido mucho
                                    desde hace aproximadamente cinco años, tras un foco epidémico
                                    que se rumora ser sarampión que ha eliminado a una gran
                                    cantidad’. Hay algunos casos de blancos viviendo con mujeres
                                    aborígenes y teniendo hijos en común.</note></head>
                            <graphic url="resources/images/figure02.png"/>
                        </figure>
                        <figure>
                            <head>Cuadro de un sitio contemporáneo: un muladar de caracoles.
                                Traducción de Texto<note>Sitios, Comunidades, Política,
                                    Instituciones, Historia, Senderos/Canales y Otros</note></head>
                            <graphic url="resources/images/figure03.png"/>
                        </figure>
                        <p/>
                        <figure>
                            <head>Recuperación de texto a través del nombre de la etiqueta. Antes de
                                Cook visualiza. Traducción de Texto<note>[Antes de Cook visualísa]
                                    La gente Kayimay (Kyayyemy) ocupó a Manly Cove y North Head que
                                    se llama Car-rang-gal. Cammi (kamai), una lanza, es posiblemente
                                    la palabra de origen de Cameraigal y Kamai. Los Terramaragal
                                    ocuparon Lane Cove River y Turramurra es llamada así en honor a
                                    ellos. En el Lane Cove River están muladares de caracoles que
                                    datan desde hace 20,000. Los Goruagal vivieron en Fig Tree
                                    Point, ahora Northbridge. Los Birrabirrigal vivieron en Middle
                                    Head (Smith 1992). La esposa de Bennelong Barangaroo era una
                                    Cameragalleon (‘leon’ indica hembra) y fue raptada de Manly Cove
                                    según una orden del Gobernador Phillip. Bennelong era un Wangal,
                                    y los terrenos de su clan cubrían un área desde Balmain a lo
                                    largo al Rio Parramatta hasta Parramatta. Colby era un Cadigal
                                    de South Head a Warrane a la rada de Sídney.</note><note>[Antes
                                    de Cook visualísa] Los Gaimariagal (algunos quienes se llamaron
                                    con los nombres de sus clanes debajo) encontraron a la Primera
                                    flotilla allá en 1788, y estos serían el primer grupo autóctono
                                    que resistiría a la flotilla de Phillip. Estos ocupaban la
                                    orilla norteña a lo largo de Kirribilli, después al norte de
                                    Manly a lo largo de las playas de Broken Bay hasta el lago
                                    Wyong. En el interior se extendieron hacia al Lane Cove River.
                                    Palabra que significa ‘hombre’ o ‘persona’ en Kuri (Koori), por
                                    lo tanto, ‘kuringga’ el posesivo significa’ perteneciendo a
                                    Kuri’. Adentro del área de esta lengua hubo muchos nombres
                                    tribales, por ejemplo: Gamararaygal, Gai-mariagal y
                                    Borogegal.</note><note>[Antes de Cook visualísa] Los Kurris
                                    producen además pinturas en ocre de animales y manotadas. En
                                    ambas cuevas y plataformas rocosas, algunas figuras totémicas
                                    fueron reproducidas en la tierra o la arena durante las
                                    ceremonias.</note><note>[Antes de Cook visualísa] La gente Kuri
                                    está alojando temporalmente cerca de los riachuelos costeros y
                                    hace enormes montones de caracoles, de huesos deshechos y
                                    artefactos. Algunas investigaciones han dejado a los arqueólogos
                                    vislumbres de la dieta Koori costera. Los huesos de pájaros
                                    hallados en las pilas incluyen pardelas, pequeños pingüinos
                                    ‘fairy’, reptiles como la pitón diamante, y huesos de pargo,
                                    besugo, mero, siluro, flathead (pescados), mariscos, y semillas
                                    silvestres de Cycad Macrozamia. En un sitio de una proyección de
                                    roca en la Playa Balmoral, fue hallado un diente humano de un
                                    muchacho entre las cascaras. Otros sitios importantes de
                                    muladares incluyen Great Mackerel Beach, Forty Baskets Beach,
                                    Balmoral Beach, Long reef, Palm Beach.</note><note>[Antes de
                                    Cook visualísa] Los Borrogegal yuruey fueron registrados como
                                    viviendo en Bradley’s Head. En sus cuadros, el artista francés
                                    Nicolás Petit identificó a un hombre como Cour-rou-bari-gal, un
                                    Koori del clan Borogegal</note></head>
                            <graphic url="resources/images/figure04.png"/>
                        </figure>
                        <p>Las imágenes y los videos aparecen en la galería relacionada, y pueden
                            ser leídos con otras fuentes al fin del sitio (Figura 5) o bajo una
                            etiqueta particular. Por ejemplo, una búsqueda de la palabra
                                <soCalled>Marramarra</soCalled> revelará todos los pasajes del texto
                            y recursos identificados con esta palabra, para que el usuario pueda ver
                            cada cuadro y fotografía. También los videos relacionados al sitio, es
                            decir, algunas entrevistas hechas sobre el sitio con personas que solían
                            habitar aquí en los años de 1950, se revelarán al mismo tiempo.</p>
                        <figure>
                            <head>Galería de Imagines – Costa del Norte<note>Acerca, Sitio,
                                    Etiquetas de Tema, Línea del tiempo, Mapa, Galerías.[En el
                                    margen]: Gente, Familias, Entorno, Acontecimientos, Cultura,
                                    Política del Gobierno.</note></head>
                            <graphic url="resources/images/figure05.png"/>
                        </figure>
                        <p>La línea del tiempo interactiva muestra los acontecimientos por orden
                            cronológico. En el ejemplo debajo, los acontecimientos en Marramarara
                            Creek en 1846 pueden ser marcados en la línea interactiva, donde aparece
                            un resumen. Información adicional aparece al hacer clic en el
                            hipervínculo.</p>
                        <figure>
                            <head>Línea del tiempo<note>Se puede ver Marramarra Creek en el mapa
                                    interactivo (Figura 7). Grabamos casi 400 entrevistas asociadas
                                    con sitios como este riachuelo. Biddy Lewis de Marramarra Creek:
                                    El gobierno de NSW crea un Comité de Investigación para
                                    averiguar las condiciones de los aborígenes.</note></head>
                            <graphic url="resources/images/figure06.png"/>
                        </figure>
                        <figure>
                            <head>Mapa interactivo</head>
                            <graphic url="resources/images/figure07.png"/>
                        </figure>
                        <p>Cuando el usuario indaga al sitio, la información aparece en destellos
                            que se pueden ver y disfrutar como trozos de un rompecabezas o explorar
                            y seguir más lejos. El material del archivo en este entorno está
                            activado por chispazos atrayentes, desapareciendo para revelar nuevos
                            significados en nuevos contextos. Monk escribió sobre las exposiciones
                            de fotografías viejas, <cit>
                                <quote rend="inline">Lo que era una vez una ventana fotográfica era
                                    solamente una vitrina donde toda su subjetividad individual
                                    desaparece en la generalidad de una exposición
                                    fotográfica</quote>
                                <ptr target="#monk2007"
                                    loc="6
                                de fevrero 2007, para 4"
                                />
                            </cit>. Las exposiciones digitales dan oportunidades para provocar la
                            imaginación que guía la subjetividad en exposiciones como vitrina
                            visual. Como nota Monk en el mismo libro, <cit>
                                <quote rend="inline">cada generación salta a la era de sus abuelos,
                                    quienes quedan choqueados por las inquietantes fotografías, es
                                    decir, de cómo estas fotos se diferencian de ellos. Estas
                                    distorsiones fotográficas ocurren con frecuencia y
                                    coincidentemente reaparecen en momentos de cambios tecnológicos
                                    a lo largo del distanciamiento con el pasado.</quote>
                                <ptr target="#monk2007"
                                    loc="15 de septiembre
                                2007, para 6"
                                />
                            </cit>. </p>
                        <figure>
                            <head>Destellos de Fotográfias</head>
                            <graphic url="resources/images/figure08.png"/>
                        </figure>
                        <p>Retazos de fotografías en mosaico de la Figura 8, arreglados para
                            provocar y para otorgar al usuario observador las oportunidades para
                            fijarse en las alineaciones de tres estratos de tiempo, y preguntarse a
                            la vez por un momento, qué yace detrás del vidrio pequeño en un mundo
                            desconocido. Esta técnica de arreglar las imágenes así en los sitios web
                            no es nueva, pero otorga nuevas posibilidades y significados al
                            descubrimiento histórico. Cualquier subjetividad que pueda haber
                            desaparecido en las exposiciones de material de archivo detrás del
                            vidrio puede ser descubierto a través de un momento de asombro, imaginar
                            lo desconocido y dar una interpretación de lo que se revela. Historia
                            nunca terminada, siempre abriendo un espacio para la imaginación. En la
                            historia aborigen donde tanto ha sido perdido, negado o escondido, puede
                            ser que nunca haya una interpretación final.</p>
                        <figure>
                            <head>Otro misterio intrigantes: quiénes eran estos niños, identificados
                                por el cura visitante Padre Brown, viviendo a Quaker’s Hat Bay,
                                cerca del Spit, en 1924?</head>
                            <graphic url="resources/images/figure09.png"/>
                        </figure>
                    </div>
                    <div>
                        <head>Valor educacional</head>
                        <p>Creemos que el valor esencial del proyecto es descubrir la presencia de
                            la gente aborigen en el centro urbano más grande de Australia, donde no
                            hay nada de parecido a las imágenes estereotípicas de los aborígenes en
                            áreas remotas. Casi todos los estudiantes indígenas van a querer
                            enterarse sobre ellos mismos y sus familias. Muchos estudiantes no
                            indígenas vendrán al sitio web para averiguar información de ellos
                            mismos para sus tareas, y descubrir, desde un inicio, fotografías de
                            individuos en sus propios barrios. Al preguntarse sobre si la presencia
                            autóctona continúa, algunos de ellos van a hallar la presencia aborigen
                            a su alrededor, y empezarán a contestar sus suposiciones. Esperamos que
                            al <soCalled>desandar lo andado</soCalled>, llegaremos al lugar de
                            origen (casa o región), que depende de la propia perspectiva del
                            individuo, los jóvenes comprenderán mejor las conexiones entre el lugar
                            contemporáneo urbano y sus orígenes. </p>
                        <p>Nuestro acercamiento al aprendizaje y descubrimiento estimula la
                            independencia y la comprensión por parte del individuo y sus enfoques
                            creativos, a través de los espacios organizados proporcionados en el
                            sitio web, y asegurando que los estudiantes que necesiten información
                            específica puedan hallarla más fácilmente. </p>
                        <p>El significado de la información espacial ancla la historia abstracta de
                            su localidad. Brown <ptr target="#brown2010"/> resume la opinión de
                            Brantling acerca de las ventajas de utilizar la información geográfica
                            en la enseñanza de la historia, y afirmó que el GIS visualiza los temas.
                            También se estimulan acercamientos creativos a temas complejos y ayudará
                            a los estudiantes para desarrollar sus propias presentaciones visuales.
                            Lo más importante es que se aborda un número de problemas descritos en
                            Bloom’s <title rend="quotes">Taxonomy of Higher Levels of
                                Thinking</title> (citado por <ptr target="#brown2010"/>,
                            Introducción). Mostern consideró las ventajas de combinar información
                            geográfica e histórica , y concluyó que, <cit>
                                <quote rend="inline">De estas tres percepciones que la gente tiene
                                    de una imaginación espacial, que la geografía da forma a la
                                    historia y que el espacio es histórico, concluyo que si los
                                    estudiantes aprenden a pensar espacialmente, pueden comprender
                                    que hay muchos mundos simultáneos al mismo tiempo, y que por
                                    consecuencia, que historias múltiples coexisten, y porlo que no
                                    hay una sendera sola y lineal al progreso</quote>
                                <ptr target="#mostern2010"
                                    loc="Spatial Literacy and History Education, último
                                párrafo"
                                />
                            </cit>.</p>
                        <p>Al aprender sobre la historia aborigen, visitantes jóvenes al nuestro
                            sitio, pueden aprender sobre la cultura, tradiciones en el entorno de
                            los aborígenes. El sitio otorga muchas fuentes hasta los profesores para
                            desarrollar materiales para estimular la escritura objetiva. </p>
                    </div>
                    <div>
                        <head>Una vista retrospectiva</head>
                        <p>Hasta el año 2013, al término del periodo de investigación, el equipo de
                            trabajo contó con ocho personas, siendo la mitad aborígenes. Ellos
                            incluían, aparte de los autores de este texto, a una investigadora
                            principal, un asistente informático, una estudiante de doctorado, una
                            editora de videos y una camarógrafa. Encontramos que habíamos extendido
                            nuestras breves grabaciones iniciales, recolectando y retornando
                            material histórico a las comunidades de Sídney. En el proceso
                            redescubrimos información que a veces se había perdido por más de un
                            siglo. Por ejemplo, nuestra investigadora principal Julie Janson estaba
                            insegura sobre su reconocida ascendencia aborígen en 2009. Ella
                            descubrió que su comunidad, conocida localmente como <soCalled>La gente
                                de Blacktown Road</soCalled> se había mezclado y confundido con una
                            comunidad más grande y mejor conocida ahora, como
                                <soCalled>Blacktown</soCalled>, un internado para niños aborígenes
                            fundado por el Gobernador Macquarie. En 1900, casi cien personas vivían
                            y progresaban en este sitio pintoresco y fértil al lado del rio
                            Hawkesbury, pero para el año 2000 el sitio estaba vacío y casi
                            totalmente olvidado. Los antepasados de Janson vivían allí. Su identidad
                            fue claramente establecida entonces en su tiempo, en su lugar y con su
                            genealogía. [Videos, <title rend="quotes">My Father’s Secret</title> (El
                            secreto de mi padre), <title rend="quotes">The People of Blacktown
                                Road</title> (La gente del Camino a Blacktown)]. </p>
                        <p>Al mismo tiempo, las familias referidas en la figura 2 mencionadas
                            anteriormente resultaron ser numerosas y fuertes. Nuestro equipo visual
                            hizo dos visitas a la boca del arroyo Marramarra Creek, donde hijos de
                            la segunda y tercera generación se trasladaron allá en la década de
                            1880. Familiares de los descendientes nos acompañaron mientras
                            examinábamos las ruinas y restos de algunas casas construidas por sus
                            antepasados y donde algunos de ellos crecieron allá. [Videos, <title
                                rend="quotes">Revisiting the family Home</title> (Redescubriendo la
                            casa familiar), <title rend="quotes">Connections and
                                Disconnections</title> (Conexiones y Desconexiones)]. Es siempre
                            importante resaltar la sobrevivencia del espíritu aborigen en Sídney
                            cuando sea posible. En otra región, en la zona sur, la jefa Dharwawal
                            Tía Frances Bodkin relata como los soldados de Macquarie descendieron
                            sobre su pueblo para castigarlos por las atrocidades cometidas contra
                            los blancos en 1816. Su descripción fue un ejemplo notable en la manera
                            en que los aborígenes cuentan sus historias que han sobrevivido por más
                            de dos siglos, aunque algunos detalles se hayan perdido. </p>
                        <p>Es claro que mucha información ha desaparecido, pero gran cantidad
                            todavía perdura. El entusiasmo con que los aborígenes se envolvieron en
                            los videos (casi 400 de ellos) es esperanzador. </p>
                        <p>El sitio web que iniciamos como una extensa base de recursos, la
                            transformamos en una herramienta significativa para iniciar la
                            investigación de datos por los usuarios. Por ejemplo, es posible ahora
                            resolver algunas preguntas: por qué las reservaciones oficiales y no
                            oficiales se establecieron en esos sitios exactos; cuáles eran las
                            relaciones con los clanes alrededores; quiénes trabajaron, dónde, y
                            cuándo; qué relación tenían con centros de comercio, escuelas, senderos,
                            rutas fluviales, recursos de alimentación, sitios ceremoniales; quiénes
                            podrían ser vistos por los blancos en sus campamentos. Y más allá;
                            ¿quiénes eran?; ¿de dónde venían?; ¿por qué se quedaron?; ¿qué
                            recordaban?; ¿qué se recuerda ahora?; ¿por qué salieron del sitio?;
                            ¿dónde fueron después?; ¿dónde están sus descendientes ahora?</p>
                        <p>Nuestro sitio web no impone ningún límite a la imaginación bien informada
                            y respetuosa que se pueda llevar a cabo.</p>
                    </div>
                    <div>
                        <head>Evaluación </head>
                        <p>En la medida que nuestros planes para crear un sitio web se convertían
                            una realidad y el sitio web era el punto focal para todo el proyecto,
                            una pregunta crítica preocupaba: el uso que le daba la comunidad y su
                            respuesta. En esta etapa, nuestras mejores respuestas son indicadores,
                            más que una sólida evidencia, porque el equipo no ha tenido los recursos
                            financieros para conducir todavía un estudio sobre los usuarios. Por
                            otra parte, el flujo constante de correos electrónicos requiriendo más
                            información de comunidades indígenas demuestra que el sitio web ha sido
                            utilizado y que tomó tiempo descubrir esas sendas. Sukovic ha conducido
                            entrevistas con algunos miembros del equipo para grabar sus experiencias
                            construyendo la historia digital. Julie Janson, una investigadora
                            indígena, comentó sobre la retroalimentación que recibió desde la
                            comunidad: <quote rend="block">Cuando los he introducido al sitio, ellos
                                le dan un vistazo, después me llaman y me dicen: ‘Dios mio, ¡qué
                                extraordinario! Me quedé toda la noche leyendo todas estas historias
                                y el sitio era fácil para interactuar con las diferentes secciones,
                                con la galería visual y los videos  y no tengo más que comentarios 
                                positivos de la comunidad aborigen’.</quote> A pesar de todo, nos
                            gustaría saber cómo podríamos ayudar en la interacción, un cambio de
                            foco desde el autor al usuario, cosa que está sucediendo en línea desde
                            algún tiempo. Nos gustaría saber cómo el sitio web ha contribuido a este
                            cambio. Cuáles son las expectativas de los usuarios y por qué. En la
                            construcción de medios digitales, podemos determinar sendas claras y
                            espacios para la exploración. El uso del sitio puede proveer información
                            invaluable a nuestras preguntas sobre maneras de adaptarse a los
                            distintos medios, prácticas y protocolos <ptr target="#sukovic2015"/>.
                            Intentaremos evaluar el sitio web y aprender más acerca de sus usos en
                            el futuro.</p>
                    </div>
                    <div>
                        <head>Nota</head>
                        <p><title rend="quotes">Una historia aborigen de Sídney</title> es un
                            proyecto multiinstitucional. Fue apoyado por el Australian Research
                            Council) y el Departamento de Historia, Universidad de Sídney
                            (University of Sydney). El sitio web fue proveído y acomodado en la
                            biblioteca de la Universidad de Tecnología de Sidney (University of
                            Technology Sydney) desde 2009 a 2014. La Dr. Suzana Sukovic, una de las
                            autores presentes, fue responsable por la construcción del sistema de
                            arquitectura y el desempeño de la web.</p>
                        <p>En el 2014 apreciamos que el material disponible sería utilizado de mejor
                            forma a través de medios digitales, computadores, tablas digitales y
                            teléfonos celulares, debido a su gran capacidad de participación
                            interactiva. La Universidad de Tecnología de Sidney, que había mantenido
                            el sitio web desde el 2013, acordó que este sería transferido al
                            Departamento de Humanidades Digitales de la Universidad de Sídney
                            Occidental (Western Sydney University) para reinstalarlo en una formal
                            digital específica sobre temas indígenas, programa llamado <title
                                rend="quotes">Byala/Talking Gallery</title> (Gallería Parlante
                            Byala).</p>
                        <p>Usando códigos PHP5, MySQL y JQuery sobre un marco visual de Twitter
                            (Bootstrap), este sistema HTML5 permite tareas de manejo digital y
                            decisiones acerca del ingreso, anotación, catalogación, almacenaje,
                            recuperación y distribución de materiales digitales originales. Las
                            fotografias digitales en JPEG, audio en MP3 y video en M4V son los
                            medios principales de contenido para el manejo de este sistema.
                            Utilizando las técnicas y los flujos de trabajo desarrollados durante el
                            ARC Linkage Project Deepening Histories of Place (ANU 2011-2013)
                            –Proyecto de Vinculación Profunda de Lugares Históricos ARC y
                            reconstruidas por la Western Sydney University (2015), estos materiales
                            digitales han sido procesados dentro del contexto del Acuerdo de Dublín
                            (Core Dublin) sobre metadata de recursos para descripciones y
                            vocabulario apropiado y controlado para el manejo del estado y
                            accesibilidad a materiales reservados.</p>
                    </div>
                    <div>
                        <head>Reconocimientos</head>
                        <p>Nos gustaría agradecer a Pablo Osses Wachtendorff, Paula González-Dolan y
                            Germán Ponce Montoya por su generosa ayuda con la traducción al
                            español.</p>
                    </div>
                    <div>
                        <head>Acknowledgments</head>
                        <p>We wish to thank Paula González, Pablo Osses Wachtendorff and Germán
                            Ponce Montoya for their generous help with translation into Spanish.</p>
                    </div>
                </body>
            </text>

            <!-- Translated language -->

            <text xml:lang="en" type="translation_stub" resp="#peter_read">
                <!-- Use "translation_stub" if only the abstract and possibly a short summary is translated. Use "translation" if the entire article has been translated. -->
                <!-- @resp for the translation is a pointer to xml:id of <dhq:translatorInfo> -->
                <front>
                    <dhq:abstract>
                        <p>The online project <ref target="http://historyofaboriginalsydney.edu.au"
                                >http://historyofaboriginalsydney.edu.au</ref>, now based at the
                            University of Western Sydney, takes the educational and digital
                            initiatives of today in a new direction. Dividing the city of Sydney
                            into six geographic regions, we created a site based on the history of
                            the Aborigines of Sydney since the invasion by the English colonisers.
                            The site incorporates new forms of tagging, time line and digital maping
                            to present multiple pathways of information in textual, video and
                            photographic form. After seven years of investigation, we can offer our
                            website balanced between unearthing lost knowledge and discovering new
                            sources of information. We have incorported all these into the site
                            while exploring the potential for digital mapping and animation for
                            purposes both of education and research. After carefully consulting
                            professional Aboriginal educational groups, we believe that we have
                            created a digital Indigenous history of Sydney, while at the same time
                            returning to the Aborigines the history of which they have been deprived
                            for so long.<note>This article is based on our previous papers in
                                English, both cited on the project website (READ, P. &amp; SUKOVIC,
                                S. 2010. Pieces of a thousand stories: repatriation of the history
                                of Aboriginal Sydney. Cosmopolitan Civil Societies: an
                                Interdisciplinary Journal, Special Issue Digital Ethnographies, 2,
                                40-54; SUKOVIC, S. &amp; READ, P. A History of Aboriginal Sydney ...
                                digitally delivering the past to the present.  Information Online
                                2011: ALIA 15th Conference &amp; Exhibition, 1-3 February 2011
                                Sydney Convention &amp; Exhibition Centre.) The article presents our
                                work to date to our colleagues in Spanish speaking countries.
                                Unfortunately, the web site no longer exist in its original form. It
                                is possible to access the website, without some of the links, at
                                    <ref
                                    target="https://web.archive.org/web/20170216000824/http://historyofaboriginalsydney.edu.au"
                                    >https://web.archive.org/web/20170216000824/http://historyofaboriginalsydney.edu.au</ref></note></p>
                    </dhq:abstract>
                    <dhq:teaser>
                        <p>A case study on the <ref target="http://historyofaboriginalsydney.edu.au"
                                >http://historyofaboriginalsydney.edu.au</ref> project. </p>
                    </dhq:teaser>
                </front>
                <body>
                    <div>
                        <head/>
                        <!-- This boilerplate paragraph describes DHQ's translation practices. If there is no full translation, this paragraph should be left in place. If the article is fully translated, this paragraph can be deleted (it is essentially a stand-in in cases where no full translation is provided). -->
                        <p>For articles in languages other than English, DHQ provides an
                            English-language abstract to support searching and discovery, and to
                            enable those not fluent in the article's original language to get a
                            basic understanding of its contents. In many cases, machine translation
                            may be helpful for those seeking more detailed access. While DHQ does
                            not typically have the resources to translate articles in full, we
                            welcome contributions of effort from readers. If you are interested in
                            translating any article into another language, please contact us at
                            editors@digitalhumanities.org and we will be happy to work with you.</p>
                    </div>
                </body>
            </text>


        </group>
        <back>
            <listBibl>
                <!-- The bibliography should follow DHQ's standard practices. -->
                <bibl xml:id="abs2006" label="ABS 2006">ABS 2006. 20680-Number of Persons Usually
                    Resident by Type of Internet Connection by Indigenous Status of Household -
                    Sydney. Australian Bureau of Statistics.</bibl>
                <bibl xml:id="abs2007" label="ABS 2007">ABS 2007. 2006 Census QuickStats : Sydney
                    (Statistical Division).</bibl>
                <bibl xml:id="abs2012" label="ABS 2012">ABS 2012. 2076.0 - Census of Population and
                    Housing: Characteristics of Aboriginal and Torres Strait Islander Australians,
                    2011.</bibl>
                <bibl xml:id="abs2013" label="ABS 2013">ABS 2013. 2013 Census QuickStats : Sydney
                    (Statistical Division).</bibl>
                <bibl xml:id="ara2011" label="Ara Irititja Project 2011">ARA IRITITJA PROJECT. 2011.
                    Marleston, SA Available: <ref target="http://www.irititja.com"
                        >www.irititja.com</ref> [Accessed 25 January 2016].</bibl>
                <bibl xml:id="ahrc1997" label="AHRC 1997">Australian Human Rights Commission
                    Bringing them home: The 'Stolen Children' report (1997).</bibl>
                <bibl xml:id="brown2010" label="Brown 2010">Brown, P. <title rend="quotes">Exploring
                        historical space and environments in the history/social studies classroom:
                        discussion and reflections.</title>
                    <title rend="italic">Journal of the Association for HIstory and
                        Computing</title> [Online], 13. Available: <ref
                        target="http://hdl.handle.net/2027/spo.3310410.0013.106"
                        >http://hdl.handle.net/2027/spo.3310410.0013.106</ref> [Accessed 6 July
                    2010].</bibl>
                <bibl xml:id="chinn2007" label="Chinn y Fairlie 2007">. Chinn, M. D. &amp; Fairlie,
                    R. <title rend="quotes">The determinants of the global digital divide: a
                        cross-country analysis of computer and internet penetration.</title>
                    <title rend="italic">Oxford Economic Papers,</title> (2007) 59, 16–44. </bibl>
                <bibl xml:id="car1991" label="Council for Aboriginal Reconciliation 1991-2000">
                    Council for Aboriginal Reconciliation Archive. UTS and UNSW Faculties of Law </bibl>
                <bibl xml:id="goldfarb2008" label="Goldfarb y Prince 2008"> Goldfarb, A. &amp;
                    Prince, J. <title rend="quotes">Internet adoption and usage patterns are
                        different: Implications for the digital divide.</title>
                    <title rend="italic">Information Economics and Policy 20 (2008) 2–15,</title>
                    20, 2-15.</bibl>
                <bibl xml:id="gunstone2008" label="Gunstone 2008">Gunstone, A. <title rend="quotes"
                        >Australian Indigenous studies and Australian universities.</title> In:
                    GUNSTONE, A. (ed.) <title rend="italic">History, politics &amp; knowledge :
                        essays in Australian indigenous studies.</title> Nth. Melbourne, Vic.:
                    Australian Scholarly Publishing (2008).</bibl>
                <bibl xml:id="holloway2005" label="Holloway 2005">Holloway, D. <title rend="quotes"
                        >The digital divide in Sydney: a sociospatial analysis.</title>
                    <title rend="italic">Information, Communication &amp; Society,</title> 8, (2005)
                    168-193.</bibl>
                <bibl xml:id="monk2007" label="Monk y Tan 2007">Monk, P. &amp; Tan, F. <title
                        rend="italic">Disassembling the archive: Fiona Tan,</title> [Toronto], Art
                    Gallery of York University.</bibl>
                <bibl xml:id="mostern2010" label="Mostern 2010">Mostern, R. <title rend="quotes"
                        >Putting the world in world history.</title>
                    <title rend="italic">Journal of the Association for History and
                        Computing.</title> 6 July 2010 ed.</bibl>
                <bibl xml:id="orviska2009" label="Orviska y Hudson 2009">Orviska M. &amp; Hudson, J.
                        <title rend="quotes">Dividing or uniting Europe? Internet usage in the
                        EU.</title>
                    <title rend="italic">Information Economics and Policy</title> 21, (2009)
                    279–290.</bibl>
                <bibl xml:id="porter2006" label="Porter y Donthu 2006">Porter, C. E. &amp; Donthu,
                    N. <title rend="quotes">Using the technology acceptance model to explain how
                        attitudes determine Internet usage: The role of perceived access barriers
                        and demographics.</title>
                    <title rend="italic">Journal of Business Research</title> 59, (2006)
                    999–1007.</bibl>
                <bibl xml:id="sukovic2015" label="Sukovic 2015">Sukovic, S. <title rend="quotes"
                        >Transliterate reading</title>. <title rend="italic">Scholarly Research
                        Communication,</title> 6.</bibl>
                <bibl xml:id="scc2002" label="Sydney City Council 2002">Sydney City Council. <title
                        rend="italic">Barani: Indigenous history of Sydney city</title> 2002.
                    [Online]. Available: <ref target="http://www.cityofsydney.nsw.gov.au/barani/"
                        >http://www.cityofsydney.nsw.gov.au/barani/</ref> [Accessed 6 July
                    2010].</bibl>
                <bibl xml:id="tkrp2010" label="TKRP 2010"> TKRP 2010 <title rend="italic"
                        >Traditional Knowledge Revival Pathways</title> [Online]. Cairns, Qld.
                    Available: <ref
                        target="http://loveforlife.com.au/content/08/09/16/traditional-knowledge-revival-pathways-tkrp"
                        >http://loveforlife.com.au/content/08/09/16/traditional-knowledge-revival-pathways-tkrp</ref>
                    [Accessed 29 January 2016].</bibl>
                <bibl xml:id="willis2006" label="Willis y Tranter 2006">Willis, S. &amp; Tranter, B.
                        <title rend="quotes">Internet diffusion and inequality in Australia.</title>
                    <title rend="italic">Journal of Sociology,</title> (2006) 42, 43-59.</bibl>
            </listBibl>

        </back>
    </text>
</TEI>
