<?xml version="1.0" encoding="UTF-8"?>
<?oxygen RNGSchema="../../common/schema/DHQauthor-TEI.rng" type="xml"?>
<?oxygen SCHSchema="../../common/schema/dhqTEI-ready.sch"?>
<TEI xmlns="http://www.tei-c.org/ns/1.0" xmlns:cc="http://web.resource.org/cc/"
   xmlns:rdf="http://www.w3.org/1999/02/22-rdf-syntax-ns#"
   xmlns:dhq="http://www.digitalhumanities.org/ns/dhq">
   <teiHeader>
      <fileDesc>
         <titleStmt>
            <title type="article" xml:lang="fr">Élaboration d’un modèle appuyé sur le modèle RDF
               dans le cadre de la réalisation d’une <title rend="italic">Bibliothèque virtuelle
                  Chris Marker</title> à la Cinémathèque française</title>
            <title type="article" xml:lang="en">Developing an RDF data model for describing the
               Chris Marker digital archives at the Cinémathèque française</title>
            <dhq:authorInfo xml:id="camille_monnier">
               <!-- Include a separate <dhq:authorInfo> element for each author.
                         The value of xml:id should be first_last without diacritics, all lower case.
                    -->
               <dhq:author_name>Camille <dhq:family>Monnier</dhq:family></dhq:author_name>
               <dhq:affiliation>French Ministry of Culture</dhq:affiliation>
               <email>camillemonnier33@hotmail.com</email>
               <dhq:bio>
                  <p>Camille Monnier is currently data manager for the <foreign xml:lang="fr"
                        >Service interministériel des archives de France</foreign> at the French
                     Ministry of Culture. She works specifically on the archives portal <ref
                        target="francearchives.fr">francearchives.fr</ref>.</p>
               </dhq:bio>
            </dhq:authorInfo>
         </titleStmt>
         <publicationStmt>
            <!-- This information will be completed at publication -->
            <publisher>Alliance of Digital Humanities Organizations</publisher>
            <publisher>Association for Computers and the Humanities</publisher>
            <idno type="DHQarticle-id">000354</idno>
            <idno type="volume">012</idno>
            <idno type="issue">1</idno>
            <date when="2018-04-06">06 April 2018</date>
            <dhq:articleType/>
            <availability>
               <cc:License rdf:about="https://creativecommons.org/licenses/by-nd/2.5/"/>
            </availability>
         </publicationStmt>

         <sourceDesc>
            <p>This is the source</p>
         </sourceDesc>
      </fileDesc>
      <encodingDesc>
         <classDecl>
            <taxonomy xml:id="dhq_keywords">
               <bibl>DHQ classification scheme; full list available at <ref
                     target="http://www.digitalhumanities.org/dhq/taxonomy.xml"/></bibl>
            </taxonomy>
            <taxonomy xml:id="authorial_keywords">
               <bibl>Keywords supplied by author; no controlled vocabulary</bibl>
            </taxonomy>
         </classDecl>
      </encodingDesc>
      <profileDesc>

         <langUsage>
            <language ident="en" extent="translation_stub"/>
            <language ident="fr" extent="original"/>
         </langUsage>
         <textClass>
            <keywords scheme="#dhq_keywords">
               <list>
                  <!-- fill in a separate <item> for each keyword or keyword phrase -->
                  <item/>
               </list>
            </keywords>
            <keywords scheme="#authorial_keywords">
               <list>
                  <!-- fill in a separate <item> for each keyword or keyword phrase -->
                  <item/>
               </list>
            </keywords>
         </textClass>
      </profileDesc>
      <revisionDesc>
         <change when="" who=""/>
      </revisionDesc>
   </teiHeader>

   <text>
      <group>

         <!-- Original language -->

         <text xml:lang="fr" type="original" resp="#camille_monnier">
            <!-- @resp for the original article is a pointer to xml:id of <dhq:authorInfo>, e.g. "#john_doe" -->
            <front>
               <dhq:abstract>
                  <p>Cet article nous fait entrer dans la logique des archives du cinéaste et
                     vidéaste Chris Marker, acquises en 2012 par la Cinémathèque française.</p>
               </dhq:abstract>
               <dhq:teaser>
                  <p>Cet article nous fait entrer dans la logique des archives du cinéaste et
                     vidéaste Chris Marker, acquises en 2012 par la Cinémathèque française.</p>
               </dhq:teaser>
            </front>
            <body>
               <head>Élaboration d’un modèle appuyé sur le modèle RDF dans le cadre de la
                  réalisation d’une <title rend="italic">Bibliothèque virtuelle Chris Marker</title>
                  à la Cinémathèque française</head>
               <p>Chris Marker, né en 1921 et décédé en 2012, a largement exploré les possibilités
                  artistiques qu’offrait le <hi rend="smcaps">xx</hi><hi rend="superscript">e</hi>
                  siècle en devenant tour à tour écrivain, éditeur, photographe, cinéaste, vidéaste,
                  développeur d’applications informatiques et créateur d’installations
                  multimédia.</p>
               <p>En 2013, la Cinémathèque française a acquis le fonds Marker, c’est-à-dire quelques
                  550 cartons représentant l’intégralité ou presque du studio, espace de vie et de
                  travail de l’artiste. Photographies, affiches, disques, archives papier, éléments
                  audiovisuels, appareils, disquettes etc. : une variété de supports à l’image de
                  l’activité plurimédia du producteur ont aujourd’hui rejoint les collections de la
                  Cinémathèque. <cit>
                     <quote rend="inline"> Essayiste de l’image et de l’écrit </quote>
                     <ptr target="#bazin1958"/>
                  </cit>, pour reprendre les mots d’André Bazin, Marker a laissé une œuvre
                  protéiforme, vaste exploration de la mémoire, de l’utopie, de la guerre, pour ne
                  citer que quelques thèmes fétiches. On retient généralement de son œuvre
                  cinématographique <title rend="italic">La Jetée</title> (1962), objet hybride,
                  roman photo de science-fiction, ou encore sa collaboration avec Alain Resnais pour
                     <title rend="italic">Les Statues meurent aussi</title> (1953). Marker a inventé
                  pour le documentaire des formes propres : <title rend="italic">Le Fonds de l’air
                     est rouge</title> (1978), fresque pointant en marche la construction d’un
                  imaginaire révolutionnaire, ou encore <title rend="italic">Sans soleil</title>
                  (1982), qui épouse les mécanismes associatifs de la mémoire, constituent deux
                  objets filmiques singuliers. À la manière de Zénon, personnage pensé par
                  Marguerite Yourcenar dans <title rend="italic">L’Œuvre au noir</title> (1968), qui
                  découvre un jour avec surprise dans l’arrondi de sa loupe un monde inconnu mêlé
                  d’herbe et de sable avant de réaliser qu’il s’agissait de son œil – <quote
                     rend="inline"> il s’était vu voyant </quote> –, on peut lire dans l’œuvre de
                  Marker cette même démarche qui naît de l’intérieur et débute par une curieuse
                  introspection de son propre regard. Tant et si bien que son cinéma semble parfois
                  reproduire le mouvement même de la pensée : <cit>
                     <quote rend="inline"> ses fulgurances associatives et ses finesses tout autant
                        que ses ratés, ses traits de génie comme ses rapprochements
                        gratuits </quote>
                     <ptr target="#lambert2008" loc="63"/>
                  </cit>. </p>
               <p>C’est cette même dynamique du rapprochement qui a envahi le fonds Marker pour s’y
                  décliner de mille façons. Tout comme le font les films du cinéaste, le fonds
                  d’archives <quote rend="inline"> délinéarise </quote><note> Expression empruntée à
                        Christophe Gauthier, professeur d'histoire du livre et des médias
                        contemporains à l'ENC, lors de la soutenance du mémoire <title rend="quotes"
                           > Élaboration d’un modèle appuyé sur le RDF dans le cadre de la
                           réalisation d’une Bibliothèque virtuelle Chris Marker à la Cinémathèque
                           française </title> le 15 septembre 2016.</note> tout récit et
                  semble construit <quote rend="inline"> comme on pense </quote> – ou comme Chris
                  Marker pense. Précisons d’abord que la bibliothèque même de Marker est un champ
                  difficile à déterminer (voir <ref target="#figure01">figure 1</ref>). Toutes
                  sortes d’objets et de matériaux s’y côtoient et s’y mêlent. Marker avait en
                  particulier pour usage d’insérer dans ses livres les documents auxquels il les
                  associait. Les ouvrages de sa bibliothèque sont ainsi
                     <soCalled> truffés </soCalled> d’archives personnelles, comme des éléments de
                  correspondance avec l’auteur de l’ouvrage, des photographies liées au sujet du
                  livre, des coupures de presse faisant écho à certains passages du texte, etc. Par
                  un simple procédé d’insertion physique, deux éléments distincts sont connectés. Un
                  sens nouveau, né de l’association, se dégage, sorte d'effet Koulechov de l’ouvrage
                  qui rappelle la dialectique du montage au cinéma. Si les éléments réunis se
                  révèlent alors indissociables, notons également qu’ils renvoient souvent par leur
                  sujet à d’autres éléments du fonds conservés ailleurs dans le studio, conformément
                  à la réutilisation circulaire de matériaux qui prédomine dans l’œuvre de Marker,
                  où une image ou un thème se déclinent bien souvent en plusieurs films, ouvrages ou
                  installations. Les associations physiquement existantes, qu’il convient de
                  conserver au maximum selon le principe archivistique de respect des fonds, se
                  révèlent souvent complexes, multicritères. Cette caractéristique n’est pas sans
                  occasionner des problèmes de traitement. Un plan de classement hiérarchisé et
                  arborescent, même établi sur mesure, parviendrait difficilement à couvrir la
                  richesse du fonds. La tension entre la nécessaire conservation de l’organisation
                  physique signifiante opérée par Marker et la volonté d’opérer la rationalisation
                  d’un formidable éparpillement est manifeste lorsqu’on envisage le traitement
                  archivistique du fonds, dont l’organisation peut être interprétée comme
                  symptomatique du mouvement dynamique de la pensée du cinéaste. </p>
               <p>Le projet d’établir une <soCalled> bibliothèque virtuelle Marker </soCalled>, né
                  de l’impossible communication physique d’ouvrages à la richesse trop fragile comme
                  nous le verrons par la suite, offre l’occasion de s’abstraire de tout
                  cloisonnement typologique absolu et de s’interroger sur la manière de restituer, à
                  travers une modélisation dynamique, plusieurs chemins d’entrée dans une matière
                  patrimoniale plurielle qui établit des connexions protéiformes. Le modèle RDF
                     (<title rend="italic">Resource Description Framework</title>) permet de
                  répondre à cette exigence ; le choix de son utilisation est motivé par
                  l’adéquation directe entre l’objet à décrire et le modèle de données orienté
                  graphe. Car le système développé par Chris Marker au sein de sa bibliothèque, et
                  plus largement de ses archives, comporte en soi des allures de graphe
                  décentralisé. Cet article se consacre à l’analyse de la bibliothèque et par
                  extension à l’analyse du fonds Marker, en termes de modélisation. Il rend compte
                  de la méthodologie adoptée pour conduire la réalisation d’un prototype, il ne sera
                  pas ici question d’implémentation technique effective. </p>
               <div>
                  <head>La bibliothèque : une géographie</head>
                  <p><cit>
                        <quote rend="inline"> Dans l’obscurité, avec ses fenêtres éclairées et les
                           rangées de livres qui luisent doucement, la bibliothèque est un espace
                           clos, un univers autonome dont les règles prétendent remplacer ou
                           traduire celles de l’univers informe du dehors. </quote>
                        <ptr target="#manguel2009" loc="25"/>
                     </cit> Alberto Manguel évoque en ces termes le changement qui s’opère dans sa
                     bibliothèque personnelle, une fois disparu avec la nuit le paysage qu’on
                     apercevait de jour par la fenêtre. En interrogeant la réalité topographique
                     d’une bibliothèque, on souhaite pouvoir mieux saisir, à travers une pratique
                     d’ordonnancement donnée, ce rapport entre classement matériel des livres et
                     classification intellectuelle <ptr target="#roudaut2002"/> : l’analyse propose
                     l’esquisse d’une vision du monde. Aby Warburg, historien de l’art passionné
                     d’images et de livres, a mené au sein de sa bibliothèque, l’expérimentation
                     suivante au tournant du <hi rend="smcaps">xix</hi><hi rend="superscript">e</hi>
                     siècle. Laissant de côté les controverses classiques de bibliothéconomie (ordre
                     hiérarchique par sujet ou classement par la dimension des volumes), Warburg
                     préfère exprimer par l’ordre une vivacité, <quote rend="inline"> la pensée de
                        l’humanité sous tous ses aspects, constants et changeants </quote> (Saxl in
                        <ptr target="#manguel2009" loc="204"/>). Pour Warburg, une bibliothèque
                     relève d’une accumulation d’associations renouvelées, circulaires. La forme
                     s’adapte à la vocation  : une bibliothèque se doit alors d’être ronde et les
                     livres sont disposés selon la conception qu’avait Warburg de l’univers : <cit>
                        <quote rend="inline"> les livres de philosophie y voisinaient avec ceux
                           d’astrologie, de magie et de folklore, les grands volumes de
                           reproductions d’œuvres d’art côtoyaient des études sur la littérature et
                           la religion, tandis que des manuels de linguistiques se trouvaient à côté
                           d’ouvrages de théologie, de poésie et d’histoire de l’art </quote>
                        <ptr target="#manguel2009" loc="204"/>
                     </cit>. Pris de vertige face à un tel labyrinthe, le philosophe Ernst Cassirer,
                     qui visita la bibliothèque en 1926, explique sa panique : <cit><quote
                           rend="block">La bibliothèque [de Warburg] n’est pas une simple collection
                           de livres, c’est un catalogue de problèmes. Et ce ne sont pas les
                           domaines thématiques de la bibliothèque qui ont provoqué en moi cette
                           impression écrasante, mais plutôt le principe même de son organisation,
                           un principe beaucoup plus important que la seule étendue des sujets
                           concernés. </quote> (Cassirer in <ptr target="#manguel2009" loc="204"
                        />)</cit> Marker n’est pas Warburg et on ne peut lui prêter les mêmes
                     ambitions. Cependant, risquons-nous tout de même à l’analyse des différents
                     espaces qui structurent sa bibliothèque, espaces qui semblent un à un
                     s’approprier cette phrase de Walter Benjamin : <cit>
                        <quote rend="inline"> L’existence du collectionneur est régie par une
                           tension dialectique entre les pôles de l’ordre et du désordre. </quote>
                        <ptr target="#benjamin2000" loc="42"/>
                     </cit></p>
                  <figure xml:id="figure01">
                     <head>Vue partielle du studio de Chris Marker avant le retrait des archives ©
                        Marie Bergue</head>
                     <graphic url="resources/images/figure01.jpeg"/>
                  </figure>
                  <p>Georges Perec énumère une douzaine de façons de classer sa bibliothèque : par
                     ordre alphabétique, par continent ou pays, par couleurs, par dates
                     d’acquisition, par dates de publication, par formats, par genres, par époques
                     littéraires, par langues, en fonction de nos priorités de lecture, en fonction
                     des reliures, par collections <ptr target="#perec1985" loc="52"/>. Par
                     ailleurs, aucune ne lui paraît satisfaisante en soi et le syncrétisme semble
                     alors l’évidence en la matière. Chez Marker, les ouvrages envahissent son
                     appartement-studio : foyer hybride, lieu de vie, de travail, de tournage
                     parfois. La répartition des ouvrages dans un espace fonctionnellement partagé
                     induit des usages certainement spécifiques : les livres conservés dans la
                     chambre (l’intime) et ceux qui remplissent les étagères de la bibliothèque
                     (lieu de sociabilité) ne possèdent pas tout à fait le même statut.</p>
                  <p>L’appartement a été découpé en zones par les équipes du service de la
                     conservation de la Cinémathèque qui ont procédé à un retrait méthodique du
                     fonds. Un travail de localisation systématique des ouvrages lors de
                     l’inventaire, l’attribution d’un numéro d’étagère et d’une zone à chaque
                     élément décrit, a permis <foreign xml:lang="la">a posteriori</foreign> une
                     analyse fine de la bibliothèque, ou plutôt <emph>des</emph> bibliothèques de
                     Chris Marker. La zone D correspond à la colonne vertébrale de la bibliothèque :
                     c’est la plus importante en termes de nombre d’ouvrages rassemblés. Les
                     étagères y serpentent dans l’espace en un long S et des thématiques ordonnées
                     se dégagent : on commence par la littérature française pour ensuite parvenir à
                     la littérature anglo-saxonne après avoir fait un détour par la philosophie. Des
                     tablettes consacrées à la poésie, la musique, l’art, la peinture, sont
                     entrecoupées de tablettes dédiées à Malraux et à Cocteau. Puis, ce sont les
                     ouvrages de mathématiques et d’informatique, encadrés à leur droite par la
                     Russie (histoire de l’URSS et culture russophone) et à leur gauche par les
                     révolutions et guerres d’indépendance (Amérique latine, Chine, Cuba,
                     Guinée-Bissau, Indochine, Algérie, etc.). L’étagère suivante opère un retour en
                     France : mai 68, extrême gauche, capitalisme et syndicalisme français. Puis,
                     psychologie, sémiologie, histoire du communisme, pour arriver à l’étagère à
                     thématique antique : sur une première tablette, les ouvrages concernant les
                     dieux et la spiritualité côtoient des livres sur les animaux (curieuse
                     association pourtant non surprenante ici), plus bas la Grèce antique. Enfin, le
                     cinéma et la photographie en conclusion de ce long parcours sinueux que l’on
                     pourrait également tracer à l’inverse. Nous avons éliminé pour cette
                     présentation tous les points d’interrogation croisés en chemin (et ils sont
                     nombreux). Il convient de garder à l’esprit l’idée que si un ordre se dégage,
                     il est immédiatement concurrencé par le mélange et le désordre. On aperçoit en
                     effet un certain nombre de documents posés en vrac sur le sol, illustrant cette
                     phrase d’Alberto Manguel : <cit>
                        <quote rend="inline"> les bibliothèques ont horreur du vide </quote>
                        <ptr target="#manguel2009" loc="76"/>
                     </cit>. </p>
                  <figure xml:id="figure02">
                     <head>Plan au sol du studio de Marker © Martin Monnier</head>
                     <graphic url="resources/images/figure02.png"/>
                  </figure>
                  <p>Les livres débordent de l’espace propre de la zone D et se répartissent entre
                     plusieurs endroits : la zone B, située près de la porte d’entrée du studio,
                     rassemble visiblement un certain nombre d’ouvrages grand format et la zone A,
                     soit la chambre. Dans cette dernière, les étagères semblent presque aérées ;
                     les ouvrages sont un peu moins comprimés en comparaison à d’autres zones. On y
                     croise les Jules Verne et les Kipling, mais aussi les poètes amis comme Claude
                     Roy et François Vernet, Walter Benjamin, un certain nombre d’ouvrages en
                     chinois et <title rend="italic">L’art d’aimer</title> d’Ovide. La restitution
                     d’une géographie physique en tant que traduction d’un classement et d’une
                     classification des ouvrages semble porteuse de sens et sera intégrée au projet
                     de bibliothèque virtuelle. </p>
               </div>
               <div>
                  <head>La bibliothèque : autobiographie et représentation de soi </head>
                  <epigraph>
                     <cit>
                        <quote rend="inline"> L’une des meilleures manières de recréer la pensée
                           d’un homme : reconstituer sa bibliothèque. </quote>
                        <ptr target="#yourcenar2015" loc="81"/>
                     </cit>
                  </epigraph>
                  <p>On retrouve dans cette bibliothèque les engouements de Marker, mais également
                     en creux ses silences : histoire de l’URSS, jamais celle de la Russie tsariste,
                     histoire des mouvements de gauche, et bien peu de choses sur la droite. Par
                     ailleurs, toute bibliothèque se compose d’une part d’ouvrages jamais lus ; ici,
                     le critère de l’usure n’est pas absolu, les ouvrages les plus lus pouvant être
                     les plus soignés comme les plus râpés. Face aux nombreux ouvrages en langues
                     étrangères (russe, anglais, japonais, chinois, espagnol, allemand), on
                     s’interroge : Marker était-il aussi polyglotte que ses étagères le laissent
                     entendre ? Une bibliothèque doit posséder ce côté imprévisible du marché aux
                     puces, pour reprendre l’image d’Umberto Eco : une sorte d’accumulation
                     disparate, dont on ne se rappelle plus très bien tous les trésors cachés et
                     autres curiosités, souhaitant se laisser surprendre par leur (re)découverte.
                     Chez Marker, on entrevoit un certain nombre de livres précieux, reliures en
                     cuir, éditions augmentées, mais également des bibelots en tous genre, des
                     ouvrages surprenants comme <title rend="italic">La Médication naturelle</title>
                     (1899) qui définit l’Européen, l’Américain et le Crétin. La collection de
                     curieuses monographies : <title rend="italic">Chats du monde</title> (2005),
                        <title rend="italic">Comment masser votre chat</title> (1987), <title
                        rend="italic">Le Chat révélé. Guide essentiel du comportement de votre
                        chat</title> (1987), <title rend="italic">The Silent Miaow. A Manual for
                        Kittens, Strays and Homeless Cats</title> (1985), etc. Un rayon entier
                     pourrait leur être consacré.</p>
                  <p>Si une bibliothèque privée paraît synthétiser les intérêts et les inspirations
                     de son propriétaire, la traduction matérielle de ses voyages et de ses
                     obsessions, elle constitue également <cit>
                        <quote rend="inline"> une extension de soi-même dirigée vers les
                           autres </quote>
                        <ptr target="#manguel2009" loc="57"/>
                     </cit>. Sénèque se moquait déjà des lecteurs ostentatoires qui n’avaient
                     certainement pas lu les livres dont ils s’entouraient dans le seul but de se
                     parer d’un prestige intellectuel. En effet, rarement cachés, souvent même
                     plutôt exposés aux regards, les ouvrages alignés soutiennent un portrait
                     public. Chris Marker recevait ses visiteurs dans sa bibliothèque, connaissant
                     certainement le pouvoir d’attraction communément exercé par ces édifices de
                     tablettes. Pour un homme à la réputation extrêmement confidentielle, on
                     croirait presque à une diversion. En ce sens, l’expérience de William Klein,
                     relatée dans une interview sur <title rend="italic">New York</title> et <title
                        rend="italic">Broadway by Light</title> qu’il avait donnée à Alain Bergala
                     en 1995, est significative. Il y évoque sa rencontre avec le personnage entouré
                     d’objets loufoques : <cit>
                        <quote rend="block">Quand je suis entré dans son bureau – à l’époque il
                           était passionné de science-fiction – c’était <title rend="italic">Star
                              Wars </title>! Il y avait des fils partout avec des vaisseaux
                           spatiaux, il portait des pistolets futuristes à la ceinture. Et il avait
                           l’air d’un martien. Je ne m’attendais pas à voir ça au Seuil, qui était
                           une maison tout à fait austère, catholique-scout !</quote>
                        <ptr target="#klein1995" loc="71–75"/>
                     </cit> Ainsi, la bibliothèque de Marker (zone D) aurait été, d’après divers
                     témoignages oraux, le lieu privilégié de réception des invités de l’artiste. Ce
                     dernier déplaçait les livres et objets en fonction de la ou des personnes qu’il
                     recevait, renouvelant constamment ce pouvoir ostentatoire conféré
                     traditionnellement aux bibliothèques, afin d’attirer l’attention sur ce qu’il
                     décidait momentanément d’exposer aux regards. Le visiteur n’avait que peu
                     d’échappatoire, il était littéralement entouré de hautes étagères et n’avait
                     d’autre choix que celui de se plonger dans cette logique labyrinthique,
                     maîtrisée par Marker, qui décidait seul des détours.</p>
                  <p>Si objets et livres circulent sur les étagères de la bibliothèque, le livre en
                     lui-même propose un certain nombre de renvois suggérés par les documents
                     insérés, apparaissant comme la forme matérialisée des connexions établies par
                     Marker, et proposant dès lors un nouvel espace de circulation. </p>
               </div>
               <div>
                  <head>La bibliothèque : un espace de connexions et de circulations </head>
                  <p>Marker a inséré dans ses livres tout au long de sa vie, toutes sortes de
                     documents dont nous pouvons proposer une séparation en deux types. (1) Des
                     documents d’archives inédits : correspondance, dessins, matériaux de travail,
                     etc., éléments de la vie privée et/ou publique de Marker. (2) Des documents
                     tirés d’une reproduction mécanique : articles découpés dans la presse, mais
                     aussi matériaux publicitaires, éléments du monde extérieur s’invitant dans sa
                     bibliothèque.</p>
                  <p>Intéressons-nous aux lettres et aux cartes postales (notons que la
                     correspondance n’est pas exclusivement rangée dans les ouvrages, mais qu’elle
                     se trouve par ailleurs en vrac dans de larges dossiers ou cartons lui étant
                     consacrés). La base du système est la suivante : Marker rassemble dans un
                     ouvrage les lettres et cartes échangées avec l’auteur dudit ouvrage. On
                     parcourt alors, à travers la bibliothèque, un large univers de sociabilité : de
                     simples connaissances aux amitiés plus profondes. C’est ainsi que les échanges
                     complices avec Florence Delay, expressions d’intimité et d’amitié, viennent se
                     glisser directement au contact de l’œuvre produite par l’auteure. L’objet
                     ressort personnifié, son contenu plus intense. Souvent, Marker va plus loin et
                     reconstitue au sein du livre un environnement dédié à l’auteur. C’est le cas
                     dans l’ouvrage de Pierre Goldman, <title rend="italic">Souvenirs obscurs d’un
                        juif polonais né en France </title>: on y trouve des articles de presse
                     concernant le frère de l’auteur, une photo de son fils, ainsi que des lettres
                     de sa femme ou encore celles d’une amie commune de Marker et Goldman. Ailleurs,
                     le livre raconte une histoire parallèle à travers une association : dans
                     l’ouvrage éponyme consacré à André Bazin, rédigé par Dudley Andrew,
                     universitaire américain, on trouve des documents associés à François Truffaut.
                     Tout d’abord, une lettre de celui-ci adressant le manuscrit d’Andrew à Marker,
                     le priant de lui livrer ses impressions sur « la vérité de la période que vous
                     connaissez le mieux et la qualité littéraire et éditoriale du texte.
                     Pensez-vous que le Seuil le publierait ? ». En poursuivant le feuilletage de
                     l’ouvrage, en face de la première page de la préface rédigée par François
                     Truffaut et titrée <quote rend="inline"> <title rend="italic">Yes, we miss
                           André Bazin</title> </quote>, on trouve en miroir un article de presse du
                     quotidien <title rend="italic">Libération</title> titré <quote rend="inline"
                        > Tu nous manques François </quote>. Daté du 24 octobre 1985, cet article
                     commémore la mort de François Truffaut survenue un an auparavant. Le livre se
                     fait ici support de l’association directe établie entre deux figures
                     emblématiques du cinéma : F. Truffaut et A. Bazin.</p>
                  <p>Les livres, à travers les archives qu’ils contiennent, nous font naviguer dans
                     l’intime, dans le formel, dans le professionnel à travers les documents
                     associés. Dans <title rend="italic">Nouvelles peu exemplaires</title> de
                     François Vernet, non seulement des documents liés au travail d’édition réalisé
                     par Marker envahissent l’ouvrage, mais une revue de presse lui est associée :
                     des articles de journaux concernant la réception du livre y sont consignés.
                     Dans <title rend="italic">Phèdre</title> de Racine, Marker glisse l’annonce du
                     décès de Solveig Dommartin, compagne de Wim Wenders, retrouvant la page exacte
                     à laquelle l’épitaphe fait référence : <quote rend="inline"> qu’elle demeure
                        vivante en nos cœurs </quote>. Les associations ne sont jamais systématiques
                     bien qu’on retrouve un certain nombre de traits récurrents. Elles semblent
                     cependant dessiner un univers. Le grave comme le loufoque finissent toujours
                     par s’emmêler : un carton de profiteroles au milieu <title rend="italic"
                        >d’Intermezzo</title> de Jean Giraudoux, ou bien un article sur Céline Dion
                     titré « Laurent Boyer : Voyage au bout de la nuit avec Céline » dans l’ouvrage
                     de l’autre Céline, dépourvu de paillettes celui-là. À la manière d’Aby Warburg
                     travaillant à son vaste atlas qu’il intitulait <title rend="italic"
                        >Mnémosyne</title><note>
                        <title rend="italic">Mnemosyne</title>, vaste atlas iconographique envisagé
                        dès 1905 par Aby Warburg. Mis en chantier en 1924 <title rend="italic"
                           >L’atlas Mnemosyne</title> réunit près d’un millier d’images d’époques
                        diverses, il reste inachevé en 1929 à la mort de Warburg. Ce dernier
                        obtenait les planches de son atlas en photographiant des images sur une
                        toile noire tendue sur un châssis. Chaque table <cit>
                           <quote rend="inline"> n’est autre que la complexité même des faits de
                              culture dont tout son atlas cherche à rendre compte dans la longue
                              durée de l’histoire occidentale </quote>
                           <ptr target="#didi-huberman2011" loc="19–20"/>
                        </cit>. Voir : Warburg, Aby. <title rend="italic">L’atlas
                        Mnémosyne</title> ; avec un essai de Roland Recht, L’écarquillé : Institut
                        national d’histoire de l’art, Paris (2012).</note>, Marker construit un
                     environnement au sein du livre ; culture savante et culture populaire s’y
                     côtoient, mettant à jour renouvellements et réappropriations successives. La
                     bibliothèque se connecte matériellement au monde et au temps, se muant avec les
                     années en un véritable système de classement et d’ordonnancement, à la page
                     près.</p>
                  <figure xml:id="figure03">
                     <head>Carton d’emballage publicitaire inséré dans <hi rend="italic"
                           >Intermezzo</hi> de Jean Giraudoux © Camille Monnier</head>
                     <graphic url="resources/images/figure03.png"/>
                  </figure>
                  <figure xml:id="figure04">
                     <head>L’ouvrage <title rend="italic">Orphée. Film</title> de Jean Cocteau,
                        publié en 1950 aux éditions André Bonne, contient des coupures de presse sur
                           <title rend="italic">Orphée</title>, une lettre de Jean Cocteau adressée
                        à Marker et des articles concernant le réalisateur Akira Kurosawa © Camille
                        Monnier</head>
                     <graphic url="resources/images/figure04.png"/>
                  </figure>
               </div>
               <div>
                  <head>Virtualiser : retranscrire le réel ?</head>
                  <p>La Cinémathèque a décidé de ne pas communiquer physiquement les éléments de la
                     bibliothèque Marker, l’ensemble ayant été estimé trop fragile. La seule
                     manipulation lors de l’inventaire a effectivement dégradé certains ouvrages.
                     L’idée d’une communication virtualisée, née d’un impératif de préservation,
                     dépasse la seule réalisation d’un catalogage des éléments, dès lors insuffisant
                     car ordinairement dévolu à des fonctions de repérage avant consultation
                     physique. En effet, il s’agit ici de proposer à la fois la recherche et la
                     consultation de l’information en un même support informatique. Avant d’aller
                     plus loin et d’envisager les fonctionnalités de la <title rend="quotes"
                        > bibliothèque virtuelle Marker </title>, un arrêt sur le concept même de
                        <q> bibliothèque virtuelle </q> semble nécessaire. Le dictionnaire <title
                        rend="italic">Harrod’s Librarians’ Glossary</title> fournit pour <title
                        rend="quotes"> Digital library </title> la définition suivante : <cit>
                        <quote rend="block">An umbrella term a) for conceptual models of librairies
                           of the future that focus on the provision of services associated almost
                           totally with digital content and b) used to describe those aspects of
                           existing library services that have a significant digital component. Also
                           referred to as electronic library.<note> [Traduction] Bibliothèque
                              numérique : terme générique a) pour des modèles conceptuels de
                              bibliothèques du futur qui se concentrent sur la production de
                              services, associés presque exclusivement à un contenu numérique et ;
                              b) aspects de services d’une bibliothèque existante qui ont une part
                              numérique significative. On parle aussi de <q> bibliothèque
                                 électronique </q>.</note></quote>
                        <ptr target="#prytherch2005" loc="213"/>
                     </cit></p>
                  <p>L’expression <q> Digital library </q>  pourrait se traduire en français par
                        <q> bibliothèque numérique </q> , <q> virtuelle </q> , ou encore
                        <q> digitale </q> . En France, l’expression <q> bibliothèque virtuelle </q>
                     séduit ; en témoignent un certain nombre de projets qui ont vu le jour sous ce
                     nom. Le projet <title rend="quotes"> Bibliothèque virtuelle des manuscrits
                        médiévaux </title>
                     <ptr target="#http1"/> ne propose pas la reconstitution d’un fonds historique
                     spécifique comme pour Marker, mais de consulter la reproduction d’une large
                     sélection de manuscrits. Il s’agit plus précisément d’une collection de
                     manuscrits provenant de fonds patrimoniaux dispersés sur tout le territoire
                     français. Cette bibliothèque, qui n’a jamais eu d’existence matérielle, est
                     constituée sur support informatique de toutes pièces. Ailleurs, la <title
                        rend="quotes"> Bibliothèque virtuelle de Clairvaux </title>
                     <ptr target="#http2"/> propose la consultation de livres issus d’une même
                     bibliothèque ancienne, sans en offrir toutefois une forme de reconstitution
                     graphique, mis à part à travers la rubrique <q> feuilletoire </q> (possibilité
                     de tourner les pages). Plus récemment, le projet Biblissima <ptr
                        target="#http3"/> envisage la constitution d’une méta-bibliothèque numérique
                     des manuscrits et imprimés anciens, à la fois entrepôt de données et
                     productrice d’outils collaboratifs. Pour terminer ce bref tour d’horizon non
                     exhaustif et circonscrit à la publication de textes anciens, citons le très
                     visuel projet <title rend="quotes"> Montaigne à l’œuvre </title>
                     <ptr target="#http4"/>, travail ambitieux porté par nombre d’institutions de
                     recherche nationaux. L’objectif est d’éditer des facsimilés et des
                     transcriptions des œuvres de Montaigne, mais également de reconstituer la
                     bibliothèque de Montaigne en 3D en proposant différents niveaux : l’état actuel
                     et trois états du <hi rend="smcaps">xvi</hi><hi rend="superscript">e</hi>
                     siècle. Réalisé par le Centre de ressources numériques Archéovision de
                     Bordeaux, le résultat est saisissant. Les facsimilés numérisés sont accessibles
                     depuis la reconstitution de la bibliothèque en un clic sur les tranches des
                     ouvrages, connectant ainsi les deux volets du projet. Ces différents exemples
                     de bibliothèques virtuelles recensent finalement des acceptions de l’expression
                     très différentes, témoignant d’une large liberté d’appropriation. </p>
                  <p>Dans notre cas, le corpus initial a subi deux coupes successives. Dans un
                     premier temps, les ouvrages ne contenant pas de documents ont été écartés.
                     Puis, c’est la possibilité d’inclure une numérisation intégrale des ouvrages
                     contenant les documents qui a également dû être remise en cause. En effet, pour
                     des raisons juridiques et budgétaires, seuls les documents insérés feront
                     l’objet d’une numérisation. Ces derniers devront cependant être numérisés
                        <q> en contexte </q>, c’est-à-dire avec la page du livre où a été réalisée
                     l’insertion, de manière à restituer l’extrait textuel ou iconographique en
                     contact direct avec l’insert. Ces restrictions successives pourraient jusqu’à
                     rendre paradoxal l’emploi de la locution <q> bibliothèque virtuelle </q> pour
                     désigner l’ensemble. Cependant, c’est bien la dimension matricielle de la
                     bibliothèque que l’on souhaite mettre en avant, les éléments documentaires se
                     trouvant réunis au sein d’une entité récurrente et organisatrice : le livre. Si
                     le terme « virtuel » insiste sur la transition d’une réalité physique à une
                     réalité numérique qui s’opérerait sur un mode de reconstitution de la réalité
                     perdue, le projet ne prévoit ni une simulation de la réalité, ni une
                     reconstitution en images de synthèse tridimensionnelles de la bibliothèque :
                     uniquement une indexation par étagères, reliée à un plan interactif.</p>
                  <p>Le projet <title rend="quotes"> Bibliothèque virtuelle Marker </title> a fait
                     le deuil d’une restitution de l’expérience du réel car une numérisation ne peut
                     de toute manière pas remplacer la manipulation physique de l’objet. Il s’agit
                     au contraire de proposer une synthèse du réel où la mutation numérique ouvre de
                     nouvelles perspectives en permettant une navigation impossible à réaliser dans
                     le monde sensible.</p>
               </div>
               <div>
                  <head>Modéliser avec le RDF : renverser le regard</head>
                  <epigraph>
                     <cit>
                        <quote rend="inline"> Un modèle est une abstraction de la réalité qui est
                           perçue, analysée et épurée, les modèles ne conservant que certaines
                           caractéristiques représentatives, sélectionnées par les concepteurs en
                           fonction des objectifs assignés au projet. </quote>
                        <ptr target="#dalbin2008"/>
                     </cit>
                  </epigraph>
                  <p>Le système que Marker a construit autour de sa bibliothèque est relativement
                     complexe car aléatoire. Il existe tellement de modes d’associations différents
                     qu’il est presque impossible de tous les répertorier avant de se lancer : le
                     fonds consiste en un immense puzzle qui n’a ni centre, ni début, ni fin. Cette
                     caractéristique tentaculaire, décentralisée, évoque directement le RDF,
                     recommandation définie par le consortium du W3C <ptr target="#http6"/> comme un
                     modèle de graphe destiné à la description des ressources du Web et de leurs
                     métadonnées. La première brique du RDF est le triplet, base simple sur laquelle
                     peuvent reposer des schémas complexes. Les triplets RDF fonctionnent sur le
                     mode familier de l’énonciation : pour construire un triplet, on fait appel à
                     trois ressources différentes dont les rôles se définissent ainsi : la ressource
                     à décrire est le sujet de la déclaration, la propriété en est le prédicat, et
                     la valeur de la propriété est l’objet de la déclaration. Une même ressource
                     pouvant être sujet, prédicat ou objet de plusieurs triplets, le RDF permet la
                     construction d’un vaste réseau décentralisé de données, reposant sur un modèle
                     générique simple. Dans notre cas, il nous permet dans la description, de capter
                     les associations dynamiques et irrégulières menées par Marker. Car le système
                     du triplet, relativement simple et générique, permet d’expliciter une situation
                     complexe. </p>
                  <p>Le schéma ci-dessous (<ref target="#figure04">figure 4</ref>) propose de
                     présenter visuellement les potentialités du graphe. Chaque entité est reliée à
                     une classe : une famille d’objets à décrire. Le graphe comprend les classes
                     suivantes : des inserts (documents insérés), des typologies (nature des
                     documents), des éléments de localisation (liés au plan du studio), des œuvres
                     (ouvrages, films, etc.), des activités (auteur, réalisateur, éditeur, etc.),
                     des personnes, des concepts (vocabulaire descriptif). Des liens peuvent être
                     réalisés entre les instances de ces classes, afin de relier les éléments de
                     description. Par exemple : un ouvrage X (classe œuvres) a pour auteur X (classe
                     personnes), est localisé sur une étagère X (classe localisations), et contient
                     lui-même des documents (classe inserts). L’objectif est ici de recréer un
                     contexte autour des documents insérés ; la réutilisation d’un certain nombre de
                     données favorisée par l’espace d’interopérabilité du web de données apparaît,
                     pour ce faire, une opportunité incontournable. Un certain nombre de données
                     pourront être récupérées via le site de la Bibliothèque nationale de France
                     data.bnf.fr <ptr target="#bermès2016"/>. Cette plateforme transforme et
                     regroupe des données stockées dans des bases distinctes et produites dans des
                     formats différents. Les notices d’autorité œuvres, personnes, le langage
                     d’indexation matières RAMEAU <ptr target="#http5"/>, les rôles, lieux, dates,
                     exposés dans des formats conformes aux standards du web pourront être ici
                     captés et liés aux inserts numérisés. Un vocabulaire pour l’indexation de la
                     localisation des données dans le studio de Chris Marker devra être
                     spécifiquement créé. </p>
                  <figure xml:id="figure05">
                     <head>Schéma de la Bibliothèque virtuelle Marker.</head>
                     <graphic url="resources/images/figure05.png"/>
                  </figure>
                  <p>L’utilisation d’un modèle en graphe permet d’éclater la description, et chaque
                     instance de classe constitue alors un lien hypertexte vers une ressource. La
                     modélisation en RDF permet une navigation <soCalled> en rebond </soCalled>.
                     Cette dernière caractéristique permet de restituer le fourmillement des idées,
                     des connexions réalisées, éclatées, jamais hiérarchisées, toutes indexables. Ce
                     mode de navigation, auquel nous sommes relativement familiarisés avec
                     Wikipedia, constitue ce qu’Emmanuelle Bermès appelle <q> le parcours de
                        sens </q> dans sa présentation du <title rend="quotes"> Centre Pompidou
                        virtuel </title>
                     <ptr target="#bermès2013"/>, qui s’appuie également sur le web de données. Les
                     internautes ont ainsi la possibilité de construire leur propre parcours en
                     fonction de leurs intérêts, la construction d’un modèle de données en graphe
                     facilite le déplacement du regard. </p>
                  <p>Le graphe permet également d’entrevoir un élargissement du corpus initial. En
                     effet, l’étude détaillée de la bibliothèque a permis d’aborder une réflexion
                     étendue à l’ensemble des archives de Marker. Le principe d’association décrit
                     en troisième partie apparaît à la base du système développé par Marker dans
                     l’ensemble de ses archives. Il est alors apparu fondamental de le signifier en
                     associant les éléments directement connectés à la bibliothèque – en
                     l’occurrence, les photographies, archives papiers, numériques et éventuellement
                     audiovisuelles du fonds, liées par le thème qu’elles abordent, à un ou
                     plusieurs inserts. Les objets et bibelots côtoyant les ouvrages pourront
                     également être reliés par leur localisation. Ici, l’utilisation des
                     technologies du web de données permettrait de pallier le contingentement des
                     archives matérielles de la Cinémathèque française : la description et le
                     traitement des éléments d’un fonds se répartissent actuellement au sein des
                     différents services (organisés par typologie documentaire) et en différents
                     silos documentaires indépendants. Il est possible d’envisager de réaliser une <cit>
                        <quote rend="inline"> convergence des données </quote>
                        <ptr target="#bermès2012" loc="45–47"/>
                     </cit> malgré la spécificité des modèles ou le cloisonnement au sein de silos.
                     En effet, les descriptions produites par les musées, services d’archives ou
                     bibliothèques, bien que spécifiques, peuvent aujourd’hui communiquer dans ce
                     vaste espace d’interopérabilité que propose le web : constat non dénué
                     d’intérêt pour la Cinémathèque française puisque par la diversité de ses
                     collections, l’institution se fait tour à tour service d’archive, bibliothèque
                     ou musée. </p>
               </div>
               <div>
                  <head>Conclusion</head>
                  <p>Ainsi l’utilisation du modèle RDF permettrait de restituer virtuellement un
                     contexte aux archives disséminées dans les ouvrages de la bibliothèque de
                     Marker. L’inscription du projet dans un espace d’interopérabilité présente une
                     double opportunité : d’une part, s’appuyer sur des données structurées
                     existantes, d’autre part, envisager d’établir un pont vers d’autres éléments du
                     fonds Marker. L’ambition est ici de proposer un espace de valorisation global
                     où le modèle orienté graphe rétablit la dynamique d’association déployée par
                     Marker, dynamique désormais figée, sorte d’intelligence arrêtée à la manière
                        d’<title rend="italic">Immemory</title>. Cette bibliothèque
                        <q> warburgienne </q>  convertie au numérique par une modélisation en
                     graphe, permet de restituer les mécanismes intellectuels qui gouvernent à cet
                     agencement matériel et révèle en creux la <soCalled> vision du
                        monde </soCalled> de Marker, que l’utilisateur peut, grâce au numérique,
                        <q> adopter </q> et <q> continuer </q> .</p>
               </div>
            </body>
         </text>

         <!-- Translated language -->

         <text xml:lang="en" type="translation_stub" resp="#camille_monnier">
            <!-- Use "translation_stub" if only the abstract and possibly a short summary is translated. Use "translation" if the entire article has been translated. -->
            <!-- @resp for the translation is a pointer to xml:id of <dhq:translatorInfo> -->
            <front>
               <dhq:abstract>
                  <p>In 2012, the Cinémathèque française received the archives of cinematographer
                     Chris Marker who passed away that year. The acquisition of Marker’s library is
                     significant because of the extent of the collection and the diversity of
                     subjects it treats. Marker created books as his system of record keeping,
                     collecting and compiling correspondence, photographs, press clippings, etc.
                     Nearly all of these elements could be linked to other documents in other
                     books.</p>
                  <p>The archives are not available for physical consultation to avoid putting the
                     books at risk of damage; instead, the Cinémathèque decided to create a virtual
                     library of Maker’s archives where each element of his books is made available
                     in digital form.</p>
                  <p>As part of an internship completed in the framework of the <title rend="quotes"
                        >Digital Technology Applied to History</title> Masters program at the École
                     nationale des chartes, the author explored the question of how to treat,
                     describe, and make available the digitized archives. This article will look at
                     the use of the RDF data model for the archival description of Chris Marker’s
                     archives.</p>
               </dhq:abstract>
               <dhq:teaser>
                  <p>Examines how to treat, describe, and make available a virtual library of Chris
                     Marker's archives.</p>
               </dhq:teaser>
            </front>
            <body>
               <head/>
               <div>
                  <!-- This boilerplate paragraph describes DHQ's translation practices. If there is no full translation, this paragraph should be left in place. If the article is fully translated, this paragraph can be deleted (it is essentially a stand-in in cases where no full translation is provided). -->
                  <p>For articles in languages other than English, DHQ provides an English-language
                     abstract to support searching and discovery, and to enable those not fluent in
                     the article's original language to get a basic understanding of its contents.
                     In many cases, machine translation may be helpful for those seeking more
                     detailed access. While DHQ does not typically have the resources to translate
                     articles in full, we welcome contributions of effort from readers. If you are
                     interested in translating any article into another language, please contact us
                     at editors@digitalhumanities.org and we will be happy to work with you.</p>
               </div>
            </body>
         </text>


      </group>

      <back>
         <listBibl>
            <!-- The bibliography should follow DHQ's standard practices. -->
            <bibl xml:id="bazin1958" label="Bazin 1958">Bazin, André. <title rend="quotes"
                     >Deux <q>documentaires</q> hors série, <title rend="italic">Lettre de Sibérie,
                     Les hommes de la Baleine</title></title>, <title rend="italic"
                  >Radio-Cinéma</title>, 461 (16 novembre 1958).</bibl>
            <bibl xml:id="benjamin2000" label="Benjamin 2000">Benjamin, Walter. <title rend="italic"
                  >Je déballe ma bibliothèque. Une pratique de collection</title>, Paris, <title
                  rend="quotes"> Rivages poche </title> (2000).</bibl>
            <bibl xml:id="bermès2012" label="Bermès 2012">Dalbin Sylvie, Bermès Emmanuelle, Isaac
               Antoine <foreign xml:lang="la">et al</foreign>., <title rend="quotes">Approches
                  documentaires: priorité aux contenus</title>, <title rend="italic"
                  >Documentaliste-Sciences de l’Information</title>, 2011/4 (Vol.48): 45-47.</bibl>
            <bibl xml:id="bermès2013" label="Bermès 2013">Bermès, Emmanuelle. <title rend="quotes"
                  >Des parcours de sens dans le centre Pompidou virtuel</title> , in: <title
                  rend="italic">Bulletin des bibliothèques de France</title> (2013). Disponible en
               ligne : <ref target="http://bbf.enssib.fr/consulter/bbf-2013-05-0052-013"
                  >http://bbf.enssib.fr/consulter/bbf-2013-05-0052-013</ref>) [consulté le
               05/05/17].</bibl>
            <bibl xml:id="bermès2016" label="Bermès, Boulet, Leclaire 2016"> Bermès, Emmanuelle,
               Boulet, Vincent, Leclaire, Céline. <title rend="quotes">Améliorer l’accès aux
                  données des bibliothèques sur le web: l’exemple de data.bnf.fr</title>
               <title rend="italic">IFLA World Library and Information Congress</title> (2016).
               Disponible en ligne : <ref
                  target="http://library.ifla.org/1447/1/081-bermes-fr.pdf%20"
                  >http://library.ifla.org/1447/1/081-bermes-fr.pdf></ref> [consulté le
               05/05/17].</bibl>
            <bibl xml:id="corby2012" label="Corby, Gandon, Faron-Zucker 2012">Corby, Olivier,
               Gandon, Fabien, Faron-Zucker, Catherine. <title rend="italic">Le Web sémantique:
                  comment lier les données et les schémas sur le Web ?</title>, Dunod, Paris
               (2012).</bibl>
            <bibl xml:id="dalbin2008" label="Dalbin 2008">Dalbin, Sylvie. <title rend="quotes"
                  >Représentation et accès à l’information: transformation à l’œuvre</title>,
               in: <title rend="italic">Métadonnées: mutations et perspectives</title>, ADBS éd.,
               Paris (2008).</bibl>
            <bibl xml:id="didi-huberman2011" label="Didi-Huberman 2011">Didi-Huberman, Georges.
                  <title rend="italic">Atlas ou Le gai savoir inquiet, L’œil de l’histoire,
                  3</title>, Les éditions de Minuit, Paris (2011).</bibl>
            <bibl xml:id="klein1995" label="Klein 1995">Klein, Walter. <title rend="quotes">Propos
                  recueillis par Alain Bergala (en octobre 1995)</title>, <title rend="italic"
                  >Cahiers du cinéma</title>, 497 (1995): 71-75.</bibl>
            <bibl xml:id="lambert2008" label="Lambert 2008">Lambert, Arnaud. <title rend="italic"
                  >Also known as Chris Marker</title>, Le Point du jour, Cherbourg (2008).</bibl>
            <bibl xml:id="manguel2009" label="Manguel 2009">Manguel, Alberto. <title rend="italic"
                  >La bibliothèque, la nuit</title>, Actes Sud, Arles, Leméac, Montréal
               (2009).</bibl>
            <bibl xml:id="perec1985" label="Perec 1985">Perec, Georges. <title rend="italic"
                  >Penser/classer</title>, Hachette, Paris (1985).</bibl>
            <bibl xml:id="roudaut2002" label="Roudaut 2002">Roudaut, François. <title rend="quotes"
                  >Classements et bibliothèques à la Renaissance</title>, <title rend="italic"
                  >Babel</title>, 6 (2002). Disponible en ligne: <ref
                  target="http://babel.revues.org/1965">http://babel.revues.org/1965</ref>; DOI:
                  <ref target="10.4000/babel.1965">10.4000/babel.1965</ref> [consulté le
               26/08/16].</bibl>
            <bibl xml:id="saxl" label="Saxl">Saxl, Fritz. <title rend="quotes">The History of
                  Warburg’s library (1886-1944)</title>, appendice à la biographie de Warburg
               réalisée par Ernst Hans Gombrich. Cité par: Manguel, Alberto. <title rend="italic"
                  >La bibliothèque la nuit</title>, p. 203.</bibl>
            <bibl xml:id="warburg2012" label="Warburg 2012">Warburg, Aby. <title rend="italic"
                  >L’atlas Mnémosyne</title>; avec un essai de Roland Recht, L’écarquillé:
               Institut national d’histoire de l’art, Paris (2012).</bibl>
            <bibl xml:id="yourcenar2015" label="Yourcenar 2015">Yourcenar, Marguerite. <title
                  rend="italic">Mémoires d’Hadrien; Carnets de notes de mémoires
               d’Hadrien</title>, Gallimard, Paris (2015).</bibl>
            <bibl xml:id="http1" label="BVM 2016">Institut de recherche et d’histoire des textes,
               <title rend="quotes">Bibliothèque virtuelle des manuscrits médiévaux</title>: <ref
                  target="http://bvmm.irht.cnrs.fr/">http://bvmm.irht.cnrs.fr/</ref> [consulté le
               26/08/2016].</bibl>
            <bibl xml:id="http2" label="Bibliothèque virtuelle de Clairvaux 2016"> Médiathèque de
               Grand Troyes, <title rend="quotes">Bibliothèque Virtuelle de Clairvaux</title>:
                  <ref target="https://www.bibliotheque-virtuelle-clairvaux.com/"
                  >https://www.bibliotheque-virtuelle-clairvaux.com/</ref> [consulté le 26/08/2016]. </bibl>
            <bibl xml:id="http3" label="Biblissima 2017">Projet Biblissima en version bêta: <ref
                  target="http://beta.biblissima.fr/">http://beta.biblissima.fr/</ref> [consulté le
               31/08/2017].</bibl>
            <bibl xml:id="http4" label="MONLOE 2016">Projet MONLOE sur le site de l’université de
               Tours: <ref target="https://montaigne.univ-tours.fr/"
                  >https://montaigne.univ-tours.fr/</ref> [consulté le 26/08/2016].</bibl>
            <bibl xml:id="http5" label="RAMEAU 2017">Répertoire d’autorité-matière encyclopédique et
               alphabétique unifié: <ref target="http://rameau.bnf.fr/">http://rameau.bnf.fr/</ref>
               [consulté le 05/05/17].</bibl>
            <bibl xml:id="http6" label="W3C 2014"><ref target="https://www.w3.org/RDF/"
                  >https://www.w3.org/RDF/</ref> [consulté le 05/05/17].</bibl>
         </listBibl>

      </back>
   </text>
</TEI>
